priceWeight,volumeThreshold,name,offeredServices,productionVolume,money,ownership,time,type
1,0.76,0,[17],0,10,0,10,Diversifier
1,0.62,1,[14],0,10,1,10,Monopolist
1,0.71,2,"[12, 16]",0,10,2,10,Diversifier
1,0.76,3,"[19, 13]",1,28,3,10,Monopolist
1,0.79,4,[5],0,10,4,10,Monopolist
1,0.82,5,"[18, 5]",0,10,5,10,Monopolist
1,0.72,6,"[16, 4]",0,10,6,10,Monopolist
1,0.9,7,"[1, 18]",0,10,7,10,Diversifier
1,0.88,8,[11],0,10,8,10,Diversifier
1,0.72,9,"[11, 13]",0,10,9,10,Monopolist
1,0.87,10,"[16, 11]",0,10,10,10,Diversifier
1,0.65,11,"[12, 7]",0,10,11,10,Monopolist
1,0.67,12,[17],0,10,12,10,Diversifier
1,0.81,13,[19],1,29,13,10,Monopolist
1,0.9,14,[1],0,10,14,10,Monopolist
1,0.65,15,"[6, 2]",0,10,15,10,Monopolist
1,0.86,16,[14],0,10,16,10,Monopolist
1,0.88,17,[16],0,10,17,10,Monopolist
1,0.68,18,[13],0,10,18,10,Monopolist
1,0.6,19,"[9, 5]",0,10,19,10,Diversifier
1,0.81,20,"[11, 10]",0,10,20,10,Diversifier
1,0.76,21,[1],0,10,21,10,Diversifier
1,0.73,22,[10],0,10,22,10,Monopolist
1,0.85,23,"[15, 3]",1,83,23,10,Diversifier
1,0.66,24,[7],0,10,24,10,Monopolist
1,0.71,25,"[10, 8]",0,10,25,10,Monopolist
1,0.66,26,"[4, 5]",0,10,26,10,Diversifier
1,0.63,27,"[4, 17]",0,10,27,10,Monopolist
1,0.65,28,"[9, 13]",0,10,28,10,Monopolist
1,0.73,29,"[11, 17]",0,10,29,10,Diversifier
1,0.7,30,"[7, 18]",0,10,30,10,Monopolist
1,0.6,31,"[12, 17]",0,10,31,10,Diversifier
1,0.77,32,"[2, 20]",0,10,32,10,Diversifier
1,0.82,33,[16],0,10,33,10,Monopolist
1,0.69,34,"[2, 9]",0,10,34,10,Diversifier
1,0.76,35,[20],0,10,35,10,Monopolist
1,0.77,36,"[14, 11]",0,10,36,10,Monopolist
1,0.6,37,[15],0,10,37,10,Monopolist
1,0.78,38,"[4, 14]",0,10,38,10,Monopolist
1,0.73,39,"[17, 3]",0,10,39,10,Monopolist
1,0.76,40,[20],0,10,40,10,Monopolist
1,0.85,41,"[3, 11]",0,10,41,10,Diversifier
1,0.89,42,[4],0,10,42,10,Monopolist
1,0.76,43,"[6, 20]",0,10,43,10,Diversifier
1,0.88,44,"[16, 15]",0,10,44,10,Monopolist
1,0.8,45,[13],0,10,45,10,Monopolist
1,0.72,46,[8],0,10,46,10,Monopolist
1,0.73,47,"[17, 9]",0,10,47,10,Monopolist
1,0.79,48,[14],0,10,48,10,Monopolist
1,0.78,49,"[2, 7]",0,10,49,10,Monopolist
1,0.76,0,[17],0,10,0,20,Diversifier
1,0.62,1,[14],0,10,1,20,Monopolist
1,0.71,2,"[12, 16]",0,10,2,20,Diversifier
1,0.76,3,"[19, 13]",1,28,3,20,Monopolist
1,0.79,4,[5],0,10,4,20,Monopolist
1,0.82,5,"[18, 5]",0,10,5,20,Monopolist
1,0.72,6,"[16, 4]",0,10,6,20,Monopolist
1,0.9,7,"[1, 18]",1,37,7,20,Diversifier
1,0.88,8,[11],0,10,8,20,Diversifier
1,0.72,9,"[11, 13]",0,10,9,20,Monopolist
1,0.87,10,"[16, 11]",0,10,10,20,Diversifier
1,0.65,11,"[12, 7]",1,94,11,20,Monopolist
1,0.67,12,[17],0,10,12,20,Diversifier
1,0.81,13,[19],1,29,13,20,Monopolist
1,0.9,14,[1],0,10,14,20,Monopolist
1,0.65,15,"[6, 2]",0,10,15,20,Monopolist
1,0.86,16,[14],0,10,16,20,Monopolist
1,0.88,17,[16],0,10,17,20,Monopolist
1,0.68,18,[13],0,10,18,20,Monopolist
1,0.6,19,"[9, 5]",0,10,19,20,Diversifier
1,0.81,20,"[11, 10]",0,10,20,20,Diversifier
1,0.76,21,[1],0,10,21,20,Diversifier
1,0.73,22,[10],0,10,22,20,Monopolist
1,0.85,23,"[15, 3]",1,83,23,20,Diversifier
1,0.66,24,[7],0,10,24,20,Monopolist
1,0.71,25,"[10, 8]",0,10,25,20,Monopolist
1,0.66,26,"[4, 5]",0,10,26,20,Diversifier
1,0.63,27,"[4, 17]",0,10,27,20,Monopolist
1,0.65,28,"[9, 13]",0,10,28,20,Monopolist
1,0.73,29,"[11, 17]",0,10,29,20,Diversifier
1,0.7,30,"[7, 18]",0,10,30,20,Monopolist
1,0.6,31,"[12, 17]",0,10,31,20,Diversifier
1,0.77,32,"[2, 20]",0,10,32,20,Diversifier
1,0.82,33,[16],0,10,33,20,Monopolist
1,0.69,34,"[2, 9]",0,10,34,20,Diversifier
1,0.76,35,[20],0,10,35,20,Monopolist
1,0.77,36,"[14, 11]",1,74,36,20,Monopolist
1,0.6,37,[15],0,10,37,20,Monopolist
1,0.78,38,"[4, 14]",0,10,38,20,Monopolist
1,0.73,39,"[17, 3]",1,78,39,20,Monopolist
1,0.76,40,[20],0,10,40,20,Monopolist
1,0.85,41,"[3, 11]",1,78,41,20,Diversifier
1,0.89,42,[4],0,10,42,20,Monopolist
1,0.76,43,"[6, 20]",0,10,43,20,Diversifier
1,0.88,44,"[16, 15]",0,10,44,20,Monopolist
1,0.8,45,[13],0,10,45,20,Monopolist
1,0.72,46,[8],0,10,46,20,Monopolist
1,0.73,47,"[17, 9]",1,57,47,20,Monopolist
1,0.79,48,[14],0,10,48,20,Monopolist
1,0.78,49,"[2, 7]",0,10,49,20,Monopolist
1,0.76,0,[17],0,10,0,30,Diversifier
1,0.62,1,[14],0,10,1,30,Monopolist
1,0.71,2,"[12, 16]",0,10,2,30,Diversifier
1,0.76,3,"[19, 13]",1,28,3,30,Monopolist
1,0.79,4,[5],0,10,4,30,Monopolist
1,0.82,5,"[18, 5]",1,90,5,30,Monopolist
1,0.72,6,"[16, 4]",1,91,6,30,Monopolist
1,0.9,7,"[1, 18]",2,64,7,30,Diversifier
1,0.88,8,[11],0,10,8,30,Diversifier
1,0.72,9,"[11, 13]",1,28,9,30,Monopolist
1,0.87,10,"[16, 11]",1,91,10,30,Diversifier
1,0.65,11,"[12, 7]",1,94,11,30,Monopolist
1,0.67,12,[17],0,10,12,30,Diversifier
1,0.81,13,[19],1,29,13,30,Monopolist
1,0.9,14,[1],0,10,14,30,Monopolist
1,0.65,15,"[6, 2]",1,50,15,30,Monopolist
1,0.86,16,[14],0,10,16,30,Monopolist
1,0.88,17,[16],0,10,17,30,Monopolist
1,0.68,18,[13],1,28,18,30,Monopolist
1,0.6,19,"[9, 5]",1,90,19,30,Diversifier
1,0.81,20,"[11, 10]",1,103,20,30,Diversifier
1,0.76,21,[1],1,25,21,30,Diversifier
1,0.73,22,[10],0,10,22,30,Monopolist
1,0.85,23,"[15, 3]",2,151,23,30,Diversifier
1,0.66,24,[7],0,10,24,30,Monopolist
1,0.71,25,"[10, 8]",1,103,25,30,Monopolist
1,0.66,26,"[4, 5]",0,10,26,30,Diversifier
1,0.63,27,"[4, 17]",0,10,27,30,Monopolist
1,0.65,28,"[9, 13]",0,10,28,30,Monopolist
1,0.73,29,"[11, 17]",0,10,29,30,Diversifier
1,0.7,30,"[7, 18]",0,10,30,30,Monopolist
1,0.6,31,"[12, 17]",0,10,31,30,Diversifier
1,0.77,32,"[2, 20]",1,50,32,30,Diversifier
1,0.82,33,[16],0,10,33,30,Monopolist
1,0.69,34,"[2, 9]",0,10,34,30,Diversifier
1,0.76,35,[20],0,10,35,30,Monopolist
1,0.77,36,"[14, 11]",1,74,36,30,Monopolist
1,0.6,37,[15],0,10,37,30,Monopolist
1,0.78,38,"[4, 14]",0,10,38,30,Monopolist
1,0.73,39,"[17, 3]",2,113,39,30,Monopolist
1,0.76,40,[20],0,10,40,30,Monopolist
1,0.85,41,"[3, 11]",1,78,41,30,Diversifier
1,0.89,42,[4],0,10,42,30,Monopolist
1,0.76,43,"[6, 20]",0,10,43,30,Diversifier
1,0.88,44,"[16, 15]",0,10,44,30,Monopolist
1,0.8,45,[13],0,10,45,30,Monopolist
1,0.72,46,[8],1,24,46,30,Monopolist
1,0.73,47,"[17, 9]",1,57,47,30,Monopolist
1,0.79,48,[14],1,74,48,30,Monopolist
1,0.78,49,"[2, 7]",0,10,49,30,Monopolist
1,0.76,0,[17],0,10,0,40,Diversifier
1,0.62,1,[14],0,10,1,40,Monopolist
1,0.71,2,"[12, 16]",0,10,2,40,Diversifier
1,0.76,3,"[19, 13]",2,47,3,40,Monopolist
1,0.79,4,[5],1,90,4,40,Monopolist
1,0.82,5,"[18, 5]",1,90,5,40,Monopolist
1,0.72,6,"[16, 4]",2,172,6,40,Monopolist
1,0.9,7,"[1, 18]",2,64,7,40,Diversifier
1,0.88,8,[11],1,89,8,40,Diversifier
1,0.72,9,"[11, 13]",2,107,9,40,Monopolist
1,0.87,10,"[16, 11]",2,172,10,40,Diversifier
1,0.65,11,"[12, 7]",2,178,11,40,Monopolist
1,0.67,12,[17],0,10,12,40,Diversifier
1,0.81,13,[19],2,48,13,40,Monopolist
1,0.9,14,[1],1,25,14,40,Monopolist
1,0.65,15,"[6, 2]",1,50,15,40,Monopolist
1,0.86,16,[14],0,10,16,40,Monopolist
1,0.88,17,[16],0,10,17,40,Monopolist
1,0.68,18,[13],1,28,18,40,Monopolist
1,0.6,19,"[9, 5]",2,170,19,40,Diversifier
1,0.81,20,"[11, 10]",1,103,20,40,Diversifier
1,0.76,21,[1],2,40,21,40,Diversifier
1,0.73,22,[10],0,10,22,40,Monopolist
1,0.85,23,"[15, 3]",2,151,23,40,Diversifier
1,0.66,24,[7],0,10,24,40,Monopolist
1,0.71,25,"[10, 8]",2,196,25,40,Monopolist
1,0.66,26,"[4, 5]",0,10,26,40,Diversifier
1,0.63,27,"[4, 17]",1,35,27,40,Monopolist
1,0.65,28,"[9, 13]",1,57,28,40,Monopolist
1,0.73,29,"[11, 17]",1,89,29,40,Diversifier
1,0.7,30,"[7, 18]",1,37,30,40,Monopolist
1,0.6,31,"[12, 17]",1,94,31,40,Diversifier
1,0.77,32,"[2, 20]",1,50,32,40,Diversifier
1,0.82,33,[16],0,10,33,40,Monopolist
1,0.69,34,"[2, 9]",1,50,34,40,Diversifier
1,0.76,35,[20],1,49,35,40,Monopolist
1,0.77,36,"[14, 11]",1,74,36,40,Monopolist
1,0.6,37,[15],0,10,37,40,Monopolist
1,0.78,38,"[4, 14]",1,74,38,40,Monopolist
1,0.73,39,"[17, 3]",3,181,39,40,Monopolist
1,0.76,40,[20],0,10,40,40,Monopolist
1,0.85,41,"[3, 11]",2,146,41,40,Diversifier
1,0.89,42,[4],1,35,42,40,Monopolist
1,0.76,43,"[6, 20]",0,10,43,40,Diversifier
1,0.88,44,"[16, 15]",0,10,44,40,Monopolist
1,0.8,45,[13],1,28,45,40,Monopolist
1,0.72,46,[8],3,52,46,40,Monopolist
1,0.73,47,"[17, 9]",2,92,47,40,Monopolist
1,0.79,48,[14],1,74,48,40,Monopolist
1,0.78,49,"[2, 7]",0,10,49,40,Monopolist
1,0.76,0,[17],1,45,0,50,Diversifier
1,0.62,1,[14],1,74,1,50,Monopolist
1,0.71,2,"[12, 16]",0,10,2,50,Diversifier
1,0.76,3,"[19, 13]",4,83,3,50,Monopolist
1,0.79,4,[5],2,170,4,50,Monopolist
1,0.82,5,"[18, 5]",2,117,5,50,Monopolist
1,0.72,6,"[16, 4]",3,197,6,50,Monopolist
1,0.9,7,"[1, 18]",4,106,7,50,Diversifier
1,0.88,8,[11],1,89,8,50,Diversifier
1,0.72,9,"[11, 13]",3,125,9,50,Monopolist
1,0.87,10,"[16, 11]",2,172,10,50,Diversifier
1,0.65,11,"[12, 7]",3,262,11,50,Monopolist
1,0.67,12,[17],1,45,12,50,Diversifier
1,0.81,13,[19],3,67,13,50,Monopolist
1,0.9,14,[1],2,40,14,50,Monopolist
1,0.65,15,"[6, 2]",2,125,15,50,Monopolist
1,0.86,16,[14],0,10,16,50,Monopolist
1,0.88,17,[16],0,10,17,50,Monopolist
1,0.68,18,[13],2,46,18,50,Monopolist
1,0.6,19,"[9, 5]",3,250,19,50,Diversifier
1,0.81,20,"[11, 10]",2,182,20,50,Diversifier
1,0.76,21,[1],2,40,21,50,Diversifier
1,0.73,22,[10],0,10,22,50,Monopolist
1,0.85,23,"[15, 3]",3,219,23,50,Diversifier
1,0.66,24,[7],1,102,24,50,Monopolist
1,0.71,25,"[10, 8]",4,224,25,50,Monopolist
1,0.66,26,"[4, 5]",0,10,26,50,Diversifier
1,0.63,27,"[4, 17]",1,35,27,50,Monopolist
1,0.65,28,"[9, 13]",2,104,28,50,Monopolist
1,0.73,29,"[11, 17]",1,89,29,50,Diversifier
1,0.7,30,"[7, 18]",2,64,30,50,Monopolist
1,0.6,31,"[12, 17]",3,262,31,50,Diversifier
1,0.77,32,"[2, 20]",2,89,32,50,Diversifier
1,0.82,33,[16],0,10,33,50,Monopolist
1,0.69,34,"[2, 9]",2,90,34,50,Diversifier
1,0.76,35,[20],1,49,35,50,Monopolist
1,0.77,36,"[14, 11]",2,138,36,50,Monopolist
1,0.6,37,[15],2,156,37,50,Monopolist
1,0.78,38,"[4, 14]",2,138,38,50,Monopolist
1,0.73,39,"[17, 3]",3,181,39,50,Monopolist
1,0.76,40,[20],0,10,40,50,Monopolist
1,0.85,41,"[3, 11]",2,146,41,50,Diversifier
1,0.89,42,[4],2,60,42,50,Monopolist
1,0.76,43,"[6, 20]",0,10,43,50,Diversifier
1,0.88,44,"[16, 15]",1,91,44,50,Monopolist
1,0.8,45,[13],1,28,45,50,Monopolist
1,0.72,46,[8],5,80,46,50,Monopolist
1,0.73,47,"[17, 9]",2,92,47,50,Monopolist
1,0.79,48,[14],2,138,48,50,Monopolist
1,0.78,49,"[2, 7]",1,102,49,50,Monopolist
1,0.76,0,[17],1,45,0,60,Diversifier
1,0.62,1,[14],2,138,1,60,Monopolist
1,0.71,2,"[12, 16]",1,91,2,60,Diversifier
1,0.76,3,"[19, 13]",6,119,3,60,Monopolist
1,0.79,4,[5],3,250,4,60,Monopolist
1,0.82,5,"[18, 5]",5,251,5,60,Monopolist
1,0.72,6,"[16, 4]",3,197,6,60,Monopolist
1,0.9,7,"[1, 18]",5,121,7,60,Diversifier
1,0.88,8,[11],1,89,8,60,Diversifier
1,0.72,9,"[11, 13]",3,125,9,60,Monopolist
1,0.87,10,"[16, 11]",3,251,10,60,Diversifier
1,0.65,11,"[12, 7]",5,430,11,60,Monopolist
1,0.67,12,[17],1,45,12,60,Diversifier
1,0.81,13,[19],3,67,13,60,Monopolist
1,0.9,14,[1],3,55,14,60,Monopolist
1,0.65,15,"[6, 2]",3,200,15,60,Monopolist
1,0.86,16,[14],0,10,16,60,Monopolist
1,0.88,17,[16],0,10,17,60,Monopolist
1,0.68,18,[13],3,64,18,60,Monopolist
1,0.6,19,"[9, 5]",4,330,19,60,Diversifier
1,0.81,20,"[11, 10]",3,275,20,60,Diversifier
1,0.76,21,[1],4,70,21,60,Diversifier
1,0.73,22,[10],0,10,22,60,Monopolist
1,0.85,23,"[15, 3]",4,292,23,60,Diversifier
1,0.66,24,[7],1,102,24,60,Monopolist
1,0.71,25,"[10, 8]",4,224,25,60,Monopolist
1,0.66,26,"[4, 5]",1,90,26,60,Diversifier
1,0.63,27,"[4, 17]",2,60,27,60,Monopolist
1,0.65,28,"[9, 13]",2,104,28,60,Monopolist
1,0.73,29,"[11, 17]",1,89,29,60,Diversifier
1,0.7,30,"[7, 18]",4,183,30,60,Monopolist
1,0.6,31,"[12, 17]",3,262,31,60,Diversifier
1,0.77,32,"[2, 20]",4,168,32,60,Diversifier
1,0.82,33,[16],0,10,33,60,Monopolist
1,0.69,34,"[2, 9]",3,130,34,60,Diversifier
1,0.76,35,[20],2,88,35,60,Monopolist
1,0.77,36,"[14, 11]",2,138,36,60,Monopolist
1,0.6,37,[15],2,156,37,60,Monopolist
1,0.78,38,"[4, 14]",2,138,38,60,Monopolist
1,0.73,39,"[17, 3]",3,181,39,60,Monopolist
1,0.76,40,[20],1,49,40,60,Monopolist
1,0.85,41,"[3, 11]",3,214,41,60,Diversifier
1,0.89,42,[4],2,60,42,60,Monopolist
1,0.76,43,"[6, 20]",1,85,43,60,Diversifier
1,0.88,44,"[16, 15]",2,172,44,60,Monopolist
1,0.8,45,[13],1,28,45,60,Monopolist
1,0.72,46,[8],6,94,46,60,Monopolist
1,0.73,47,"[17, 9]",2,92,47,60,Monopolist
1,0.79,48,[14],2,138,48,60,Monopolist
1,0.78,49,"[2, 7]",2,142,49,60,Monopolist
1,0.76,0,[17],1,45,0,70,Diversifier
1,0.62,1,[14],2,138,1,70,Monopolist
1,0.71,2,"[12, 16]",1,91,2,70,Diversifier
1,0.76,3,"[19, 13]",7,138,3,70,Monopolist
1,0.79,4,[5],3,250,4,70,Monopolist
1,0.82,5,"[18, 5]",6,278,5,70,Monopolist
1,0.72,6,"[16, 4]",4,278,6,70,Monopolist
1,0.9,7,"[1, 18]",5,121,7,70,Diversifier
1,0.88,8,[11],1,89,8,70,Diversifier
1,0.72,9,"[11, 13]",4,143,9,70,Monopolist
1,0.87,10,"[16, 11]",4,332,10,70,Diversifier
1,0.65,11,"[12, 7]",6,522,11,70,Monopolist
1,0.67,12,[17],2,80,12,70,Diversifier
1,0.81,13,[19],5,105,13,70,Monopolist
1,0.9,14,[1],4,70,14,70,Monopolist
1,0.65,15,"[6, 2]",4,275,15,70,Monopolist
1,0.86,16,[14],0,10,16,70,Monopolist
1,0.88,17,[16],1,91,17,70,Monopolist
1,0.68,18,[13],4,82,18,70,Monopolist
1,0.6,19,"[9, 5]",5,410,19,70,Diversifier
1,0.81,20,"[11, 10]",5,461,20,70,Diversifier
1,0.76,21,[1],5,85,21,70,Diversifier
1,0.73,22,[10],0,10,22,70,Monopolist
1,0.85,23,"[15, 3]",6,433,23,70,Diversifier
1,0.66,24,[7],2,194,24,70,Monopolist
1,0.71,25,"[10, 8]",4,224,25,70,Monopolist
1,0.66,26,"[4, 5]",3,250,26,70,Diversifier
1,0.63,27,"[4, 17]",3,95,27,70,Monopolist
1,0.65,28,"[9, 13]",3,151,28,70,Monopolist
1,0.73,29,"[11, 17]",2,168,29,70,Diversifier
1,0.7,30,"[7, 18]",6,302,30,70,Monopolist
1,0.6,31,"[12, 17]",5,430,31,70,Diversifier
1,0.77,32,"[2, 20]",5,208,32,70,Diversifier
1,0.82,33,[16],1,91,33,70,Monopolist
1,0.69,34,"[2, 9]",3,130,34,70,Diversifier
1,0.76,35,[20],3,127,35,70,Monopolist
1,0.77,36,"[14, 11]",3,217,36,70,Monopolist
1,0.6,37,[15],2,156,37,70,Monopolist
1,0.78,38,"[4, 14]",4,227,38,70,Monopolist
1,0.73,39,"[17, 3]",5,317,39,70,Monopolist
1,0.76,40,[20],1,49,40,70,Monopolist
1,0.85,41,"[3, 11]",5,350,41,70,Diversifier
1,0.89,42,[4],2,60,42,70,Monopolist
1,0.76,43,"[6, 20]",3,235,43,70,Diversifier
1,0.88,44,"[16, 15]",3,245,44,70,Monopolist
1,0.8,45,[13],1,28,45,70,Monopolist
1,0.72,46,[8],6,94,46,70,Monopolist
1,0.73,47,"[17, 9]",2,92,47,70,Monopolist
1,0.79,48,[14],3,202,48,70,Monopolist
1,0.78,49,"[2, 7]",4,274,49,70,Monopolist
1,0.76,0,[17],3,115,0,80,Diversifier
1,0.62,1,[14],2,138,1,80,Monopolist
1,0.71,2,"[12, 16]",2,175,2,80,Diversifier
1,0.76,3,"[19, 13]",10,195,3,80,Monopolist
1,0.79,4,[5],5,410,4,80,Monopolist
1,0.82,5,"[18, 5]",11,519,5,80,Monopolist
1,0.72,6,"[16, 4]",5,359,6,80,Monopolist
1,0.9,7,"[1, 18]",7,163,7,80,Diversifier
1,0.88,8,[11],3,247,8,80,Diversifier
1,0.72,9,"[11, 13]",6,301,9,80,Monopolist
1,0.87,10,"[16, 11]",6,492,10,80,Diversifier
1,0.65,11,"[12, 7]",7,606,11,80,Monopolist
1,0.67,12,[17],3,115,12,80,Diversifier
1,0.81,13,[19],6,124,13,80,Monopolist
1,0.9,14,[1],6,100,14,80,Monopolist
1,0.65,15,"[6, 2]",5,350,15,80,Monopolist
1,0.86,16,[14],1,74,16,80,Monopolist
1,0.88,17,[16],1,91,17,80,Monopolist
1,0.68,18,[13],5,100,18,80,Monopolist
1,0.6,19,"[9, 5]",6,457,19,80,Diversifier
1,0.81,20,"[11, 10]",7,633,20,80,Diversifier
1,0.76,21,[1],7,115,21,80,Diversifier
1,0.73,22,[10],0,10,22,80,Monopolist
1,0.85,23,"[15, 3]",8,569,23,80,Diversifier
1,0.66,24,[7],2,194,24,80,Monopolist
1,0.71,25,"[10, 8]",7,503,25,80,Monopolist
1,0.66,26,"[4, 5]",4,330,26,80,Diversifier
1,0.63,27,"[4, 17]",4,130,27,80,Monopolist
1,0.65,28,"[9, 13]",4,169,3,80,Monopolist
1,0.73,29,"[11, 17]",5,317,29,80,Diversifier
1,0.7,30,"[7, 18]",8,421,30,80,Monopolist
1,0.6,31,"[12, 17]",7,598,31,80,Diversifier
1,0.77,32,"[2, 20]",9,368,32,80,Diversifier
1,0.82,33,[16],1,91,33,80,Monopolist
1,0.69,34,"[2, 9]",6,257,34,80,Diversifier
1,0.76,35,[20],5,205,35,80,Monopolist
1,0.77,36,"[14, 11]",4,281,36,80,Monopolist
1,0.6,37,[15],3,229,37,80,Monopolist
1,0.78,38,"[4, 14]",7,380,38,80,Monopolist
1,0.73,39,"[17, 3]",7,420,39,80,Monopolist
1,0.76,40,[20],2,88,40,80,Monopolist
1,0.85,41,"[3, 11]",6,429,41,80,Diversifier
1,0.89,42,[4],3,85,42,80,Monopolist
1,0.76,43,"[6, 20]",4,274,43,80,Diversifier
1,0.88,44,"[16, 15]",4,326,44,80,Monopolist
1,0.8,45,[13],3,64,45,80,Monopolist
1,0.72,46,[8],11,164,46,80,Monopolist
1,0.73,47,"[17, 9]",4,186,47,80,Monopolist
1,0.79,48,[14],4,266,48,80,Monopolist
1,0.78,49,"[2, 7]",5,314,49,80,Monopolist
1,0.76,0,[17],3,115,0,90,Diversifier
1,0.62,1,[14],3,202,1,90,Monopolist
1,0.71,2,"[12, 16]",2,175,2,90,Diversifier
1,0.76,3,"[19, 13]",11,45,3,90,Monopolist
1,0.79,4,[5],5,410,4,90,Monopolist
1,0.82,5,"[18, 5]",12,599,5,90,Monopolist
1,0.72,6,"[16, 4]",7,465,6,90,Monopolist
1,0.9,7,"[1, 18]",7,163,7,90,Diversifier
1,0.88,8,[11],4,326,8,90,Diversifier
1,0.72,9,"[11, 13]",7,380,9,90,Monopolist
1,0.87,10,"[16, 11]",8,652,10,90,Diversifier
1,0.65,11,"[12, 7]",9,782,11,90,Monopolist
1,0.67,12,[17],4,150,12,90,Diversifier
1,0.81,13,[19],7,143,13,90,Monopolist
1,0.9,14,[1],7,115,14,90,Monopolist
1,0.65,15,"[6, 2]",6,390,15,90,Monopolist
1,0.86,16,[14],1,74,16,90,Monopolist
1,0.88,17,[16],2,172,17,90,Monopolist
1,0.68,18,[13],6,118,18,90,Monopolist
1,0.6,19,"[9, 5]",7,537,19,90,Diversifier
1,0.81,20,"[11, 10]",9,819,20,90,Diversifier
1,0.76,21,[1],7,115,21,90,Diversifier
1,0.73,22,[10],1,103,22,90,Monopolist
1,0.85,23,"[15, 3]",9,637,23,90,Diversifier
1,0.66,24,[7],2,194,24,90,Monopolist
1,0.71,25,"[10, 8]",8,517,25,90,Monopolist
1,0.66,26,"[4, 5]",6,435,26,90,Diversifier
1,0.63,27,"[4, 17]",5,155,27,90,Monopolist
1,0.65,28,"[9, 13]",4,169,3,90,Monopolist
1,0.73,29,"[11, 17]",6,352,29,90,Diversifier
1,0.7,30,"[7, 18]",10,540,30,90,Monopolist
1,0.6,31,"[12, 17]",8,682,31,90,Diversifier
1,0.77,32,"[2, 20]",10,407,32,90,Diversifier
1,0.82,33,[16],1,91,33,90,Monopolist
1,0.69,34,"[2, 9]",7,304,34,90,Diversifier
1,0.76,35,[20],6,244,35,90,Monopolist
1,0.77,36,"[14, 11]",5,345,36,90,Monopolist
1,0.6,37,[15],4,302,37,90,Monopolist
1,0.78,38,"[4, 14]",8,405,38,90,Monopolist
1,0.73,39,"[17, 3]",8,488,39,90,Monopolist
1,0.76,40,[20],3,127,40,90,Monopolist
1,0.85,41,"[3, 11]",8,576,41,90,Diversifier
1,0.89,42,[4],4,110,42,90,Monopolist
1,0.76,43,"[6, 20]",6,388,43,90,Diversifier
1,0.88,44,"[16, 15]",6,480,44,90,Monopolist
1,0.8,45,[13],4,82,45,90,Monopolist
1,0.72,46,[8],13,192,46,90,Monopolist
1,0.73,47,"[17, 9]",4,186,47,90,Monopolist
1,0.79,48,[14],5,330,48,90,Monopolist
1,0.78,49,"[2, 7]",7,446,30,90,Monopolist
1,0.76,0,[17],3,115,0,100,Diversifier
1,0.62,1,[14],4,266,1,100,Monopolist
1,0.71,2,"[12, 16]",4,340,2,100,Diversifier
1,0.76,3,"[19, 13]",12,64,3,100,Monopolist
1,0.79,4,[5],6,490,4,100,Monopolist
1,0.82,5,"[18, 5]",13,679,5,100,Monopolist
1,0.72,6,"[16, 4]",7,465,6,100,Monopolist
1,0.9,7,"[1, 18]",9,193,7,100,Diversifier
1,0.88,8,[11],5,405,8,100,Diversifier
1,0.72,9,"[11, 13]",8,459,9,100,Monopolist
1,0.87,10,"[16, 11]",10,812,10,100,Diversifier
1,0.65,11,"[12, 7]",10,866,11,100,Monopolist
1,0.67,12,[17],5,185,12,100,Diversifier
1,0.81,13,[19],9,181,13,100,Monopolist
1,0.9,14,[1],8,130,14,100,Monopolist
1,0.65,15,"[6, 2]",7,465,15,100,Monopolist
1,0.86,16,[14],1,74,16,100,Monopolist
1,0.88,17,[16],2,172,17,100,Monopolist
1,0.68,18,[13],7,136,18,100,Monopolist
1,0.6,19,"[9, 5]",11,758,19,100,Diversifier
1,0.81,20,"[11, 10]",10,912,20,100,Diversifier
1,0.76,21,[1],8,130,21,100,Diversifier
1,0.73,22,[10],1,103,22,100,Monopolist
1,0.85,23,"[15, 3]",12,864,23,100,Diversifier
1,0.66,24,[7],3,286,24,100,Monopolist
1,0.71,25,"[10, 8]",9,531,25,100,Monopolist
1,0.66,26,"[4, 5]",8,595,26,100,Diversifier
1,0.63,27,"[4, 17]",6,180,27,100,Monopolist
1,0.65,28,"[9, 13]",5,169,3,100,Monopolist
1,0.73,29,"[11, 17]",7,431,29,100,Diversifier
1,0.7,30,"[7, 18]",15,229,30,100,Monopolist
1,0.6,31,"[12, 17]",10,801,31,100,Diversifier
1,0.77,32,"[2, 20]",13,525,32,100,Diversifier
1,0.82,33,[16],2,172,33,100,Monopolist
1,0.69,34,"[2, 9]",8,344,34,100,Diversifier
1,0.76,35,[20],7,283,35,100,Monopolist
1,0.77,36,"[14, 11]",6,409,36,100,Monopolist
1,0.6,37,[15],5,375,37,100,Monopolist
1,0.78,38,"[4, 14]",9,469,38,100,Monopolist
1,0.73,39,"[17, 3]",10,624,39,100,Monopolist
1,0.76,40,[20],4,166,40,100,Monopolist
1,0.85,41,"[3, 11]",9,655,41,100,Diversifier
1,0.89,42,[4],5,135,42,100,Monopolist
1,0.76,43,"[6, 20]",7,463,43,100,Diversifier
1,0.88,44,"[16, 15]",7,553,44,100,Monopolist
1,0.8,45,[13],4,82,45,100,Monopolist
1,0.72,46,[8],17,248,46,100,Monopolist
1,0.73,47,"[17, 9]",5,233,47,100,Monopolist
1,0.79,48,[14],6,394,48,100,Monopolist
1,0.78,49,"[2, 7]",7,446,30,100,Monopolist
1,0.76,0,[17],4,150,0,110,Diversifier
1,0.62,1,[14],6,394,1,110,Monopolist
1,0.71,2,"[12, 16]",6,505,2,110,Diversifier
1,0.76,3,"[19, 13]",15,120,3,110,Monopolist
1,0.79,4,[5],8,650,4,110,Monopolist
1,0.82,5,"[18, 5]",15,786,5,110,Monopolist
1,0.72,6,"[16, 4]",9,515,6,110,Monopolist
1,0.9,7,"[1, 18]",11,235,7,110,Diversifier
1,0.88,8,[11],6,484,8,110,Diversifier
1,0.72,9,"[11, 13]",9,538,9,110,Monopolist
1,0.87,10,"[16, 11]",12,972,10,110,Diversifier
1,0.65,11,"[12, 7]",13,840,11,110,Monopolist
1,0.67,12,[17],6,220,12,110,Diversifier
1,0.81,13,[19],11,219,13,110,Monopolist
1,0.9,14,[1],10,160,14,110,Monopolist
1,0.65,15,"[6, 2]",11,765,15,110,Monopolist
1,0.86,16,[14],1,74,16,110,Monopolist
1,0.88,17,[16],2,172,17,110,Monopolist
1,0.68,18,[13],9,172,18,110,Monopolist
1,0.6,19,"[9, 5]",14,932,19,110,Diversifier
1,0.81,20,"[11, 10]",12,1098,20,110,Diversifier
1,0.76,21,[1],11,175,21,110,Diversifier
1,0.73,22,[10],2,103,25,110,Monopolist
1,0.85,23,"[15, 3]",14,1010,23,110,Diversifier
1,0.66,24,[7],3,286,11,110,Monopolist
1,0.71,25,"[10, 8]",12,549,25,110,Monopolist
1,0.66,26,"[4, 5]",10,755,26,110,Diversifier
1,0.63,27,"[4, 17]",8,230,27,110,Monopolist
1,0.65,28,"[9, 13]",6,169,3,110,Monopolist
1,0.73,29,"[11, 17]",9,545,29,110,Diversifier
1,0.7,30,"[7, 18]",18,547,30,110,Monopolist
1,0.6,31,"[12, 17]",12,969,31,110,Diversifier
1,0.77,32,"[2, 20]",14,564,32,110,Diversifier
1,0.82,33,[16],2,172,33,110,Monopolist
1,0.69,34,"[2, 9]",9,391,34,110,Diversifier
1,0.76,35,[20],8,322,35,110,Monopolist
1,0.77,36,"[14, 11]",6,409,38,110,Monopolist
1,0.6,37,[15],6,448,37,110,Monopolist
1,0.78,38,"[4, 14]",10,494,38,110,Monopolist
1,0.73,39,"[17, 3]",11,692,39,110,Monopolist
1,0.76,40,[20],4,166,40,110,Monopolist
1,0.85,41,"[3, 11]",9,655,41,110,Diversifier
1,0.89,42,[4],5,135,42,110,Monopolist
1,0.76,43,"[6, 20]",10,616,43,110,Diversifier
1,0.88,44,"[16, 15]",8,626,44,110,Monopolist
1,0.8,45,[13],4,82,45,110,Monopolist
1,0.72,46,[8],20,290,46,110,Monopolist
1,0.73,47,"[17, 9]",8,350,47,110,Monopolist
1,0.79,48,[14],6,394,48,110,Monopolist
1,0.78,49,"[2, 7]",10,446,30,110,Monopolist
1,0.76,0,[17],5,185,0,120,Diversifier
1,0.62,1,[14],8,522,1,120,Monopolist
1,0.71,2,"[12, 16]",11,916,2,120,Diversifier
1,0.76,3,"[19, 13]",18,177,3,120,Monopolist
1,0.79,4,[5],10,810,4,120,Monopolist
1,0.82,5,"[18, 5]",17,840,5,120,Monopolist
1,0.72,6,"[16, 4]",11,621,6,120,Monopolist
1,0.9,7,"[1, 18]",15,319,7,120,Diversifier
1,0.88,8,[11],8,642,8,120,Diversifier
1,0.72,9,"[11, 13]",12,481,9,120,Monopolist
1,0.87,10,"[16, 11]",14,1132,10,120,Diversifier
1,0.65,11,"[12, 7]",16,1184,11,120,Monopolist
1,0.67,12,[17],9,325,12,120,Diversifier
1,0.81,13,[19],16,314,13,120,Monopolist
1,0.9,14,[1],13,205,14,120,Monopolist
1,0.65,15,"[6, 2]",14,527,15,120,Monopolist
1,0.86,16,[14],2,138,16,120,Monopolist
1,0.88,17,[16],3,253,17,120,Monopolist
1,0.68,18,[13],10,172,9,120,Monopolist
1,0.6,19,"[9, 5]",16,581,19,120,Diversifier
1,0.81,20,"[11, 10]",15,1377,20,120,Diversifier
1,0.76,21,[1],14,220,21,120,Diversifier
1,0.73,22,[10],5,103,25,120,Monopolist
1,0.85,23,"[15, 3]",18,1300,23,120,Diversifier
1,0.66,24,[7],4,286,11,120,Monopolist
1,0.71,25,"[10, 8]",15,949,25,120,Monopolist
1,0.66,26,"[4, 5]",11,835,26,120,Diversifier
1,0.63,27,"[4, 17]",9,255,27,120,Monopolist
1,0.65,28,"[9, 13]",8,169,3,120,Monopolist
1,0.73,29,"[11, 17]",11,633,29,120,Diversifier
1,0.7,30,"[7, 18]",22,930,30,120,Monopolist
1,0.6,31,"[12, 17]",15,1172,31,120,Diversifier
1,0.77,32,"[2, 20]",19,759,32,120,Diversifier
1,0.82,33,[16],3,253,33,120,Monopolist
1,0.69,34,"[2, 9]",13,525,19,120,Diversifier
1,0.76,35,[20],11,439,35,120,Monopolist
1,0.77,36,"[14, 11]",9,409,38,120,Monopolist
1,0.6,37,[15],8,594,37,120,Monopolist
1,0.78,38,"[4, 14]",13,366,38,120,Monopolist
1,0.73,39,"[17, 3]",15,931,39,120,Monopolist
1,0.76,40,[20],7,283,40,120,Monopolist
1,0.85,41,"[3, 11]",11,791,41,120,Diversifier
1,0.89,42,[4],7,185,42,120,Monopolist
1,0.76,43,"[6, 20]",13,616,15,120,Diversifier
1,0.88,44,"[16, 15]",11,600,44,120,Monopolist
1,0.8,45,[13],6,118,45,120,Monopolist
1,0.72,46,[8],25,360,46,120,Monopolist
1,0.73,47,"[17, 9]",10,444,47,120,Monopolist
1,0.79,48,[14],8,522,48,120,Monopolist
1,0.78,49,"[2, 7]",12,446,30,120,Monopolist
1,0.76,0,[17],5,185,47,130,Diversifier
1,0.62,1,[14],10,650,1,130,Monopolist
1,0.71,2,"[12, 16]",11,916,2,130,Diversifier
1,0.76,3,"[19, 13]",20,214,3,130,Monopolist
1,0.79,4,[5],12,970,4,130,Monopolist
1,0.82,5,"[18, 5]",18,920,5,130,Monopolist
1,0.72,6,"[16, 4]",13,727,6,130,Monopolist
1,0.9,7,"[1, 18]",18,388,7,130,Diversifier
1,0.88,8,[11],9,721,8,130,Diversifier
1,0.72,9,"[11, 13]",14,639,9,130,Monopolist
1,0.87,10,"[16, 11]",16,1290,10,130,Diversifier
1,0.65,11,"[12, 7]",18,1460,11,130,Monopolist
1,0.67,12,[17],9,325,12,130,Diversifier
1,0.81,13,[19],19,371,13,130,Monopolist
1,0.9,14,[1],16,250,14,130,Monopolist
1,0.65,15,"[6, 2]",16,682,15,130,Monopolist
1,0.86,16,[14],3,202,16,130,Monopolist
1,0.88,17,[16],5,253,44,130,Monopolist
1,0.68,18,[13],12,172,9,130,Monopolist
1,0.6,19,"[9, 5]",19,802,19,130,Diversifier
1,0.81,20,"[11, 10]",18,1628,20,130,Diversifier
1,0.76,21,[1],17,265,21,130,Diversifier
1,0.73,22,[10],7,103,25,130,Monopolist
1,0.85,23,"[15, 3]",21,1668,23,130,Diversifier
1,0.66,24,[7],6,286,11,130,Monopolist
1,0.71,25,"[10, 8]",18,1256,25,130,Monopolist
1,0.66,26,"[4, 5]",12,915,26,130,Diversifier
1,0.63,27,"[4, 17]",10,280,27,130,Monopolist
1,0.65,28,"[9, 13]",11,169,3,130,Monopolist
1,0.73,29,"[11, 17]",13,783,29,130,Diversifier
1,0.7,30,"[7, 18]",27,1210,30,130,Monopolist
1,0.6,31,"[12, 17]",18,1424,31,130,Diversifier
1,0.77,32,"[2, 20]",20,798,32,130,Diversifier
1,0.82,33,[16],4,334,33,130,Monopolist
1,0.69,34,"[2, 9]",14,525,19,130,Diversifier
1,0.76,35,[20],12,478,35,130,Monopolist
1,0.77,36,"[14, 11]",10,409,38,130,Monopolist
1,0.6,37,[15],11,813,37,130,Monopolist
1,0.78,38,"[4, 14]",15,455,38,130,Monopolist
1,0.73,39,"[17, 3]",17,1067,39,130,Monopolist
1,0.76,40,[20],8,322,40,130,Monopolist
1,0.85,41,"[3, 11]",12,859,41,130,Diversifier
1,0.89,42,[4],9,235,42,130,Monopolist
1,0.76,43,"[6, 20]",14,616,15,130,Diversifier
1,0.88,44,"[16, 15]",13,908,44,130,Monopolist
1,0.8,45,[13],8,154,45,130,Monopolist
1,0.72,46,[8],26,374,46,130,Monopolist
1,0.73,47,"[17, 9]",13,388,47,130,Monopolist
1,0.79,48,[14],10,586,1,130,Monopolist
1,0.78,49,"[2, 7]",14,446,30,130,Monopolist
1,0.76,0,[17],6,185,47,140,Diversifier
1,0.62,1,[14],12,192,1,140,Monopolist
1,0.71,2,"[12, 16]",12,1000,2,140,Diversifier
1,0.76,3,"[19, 13]",21,232,3,140,Monopolist
1,0.79,4,[5],14,1130,4,140,Monopolist
1,0.82,5,"[18, 5]",19,947,5,140,Monopolist
1,0.72,6,"[16, 4]",16,858,6,140,Monopolist
1,0.9,7,"[1, 18]",20,430,7,140,Diversifier
1,0.88,8,[11],10,800,8,140,Diversifier
1,0.72,9,"[11, 13]",14,639,9,140,Monopolist
1,0.87,10,"[16, 11]",17,1371,10,140,Diversifier
1,0.65,11,"[12, 7]",20,1856,11,140,Monopolist
1,0.67,12,[17],9,325,12,140,Diversifier
1,0.81,13,[19],20,390,23,140,Monopolist
1,0.9,14,[1],17,265,14,140,Monopolist
1,0.65,15,"[6, 2]",17,832,15,140,Monopolist
1,0.86,16,[14],4,266,16,140,Monopolist
1,0.88,17,[16],5,253,44,140,Monopolist
1,0.68,18,[13],13,172,9,140,Monopolist
1,0.6,19,"[9, 5]",22,1023,19,140,Diversifier
1,0.81,20,"[11, 10]",19,1721,20,140,Diversifier
1,0.76,21,[1],18,280,21,140,Diversifier
1,0.73,22,[10],8,103,25,140,Monopolist
1,0.85,23,"[15, 3]",23,1498,23,140,Diversifier
1,0.66,24,[7],6,286,11,140,Monopolist
1,0.71,25,"[10, 8]",22,1563,25,140,Monopolist
1,0.66,26,"[4, 5]",13,995,26,140,Diversifier
1,0.63,27,"[4, 17]",10,280,27,140,Monopolist
1,0.65,28,"[9, 13]",13,169,3,140,Monopolist
1,0.73,29,"[11, 17]",15,853,29,140,Diversifier
1,0.7,30,"[7, 18]",28,1421,30,140,Monopolist
1,0.6,31,"[12, 17]",19,1508,31,140,Diversifier
1,0.77,32,"[2, 20]",23,916,32,140,Diversifier
1,0.82,33,[16],4,334,33,140,Monopolist
1,0.69,34,"[2, 9]",15,525,19,140,Diversifier
1,0.76,35,[20],12,478,35,140,Monopolist
1,0.77,36,"[14, 11]",10,409,38,140,Monopolist
1,0.6,37,[15],12,886,37,140,Monopolist
1,0.78,38,"[4, 14]",17,583,38,140,Monopolist
1,0.73,39,"[17, 3]",20,1271,39,140,Monopolist
1,0.76,40,[20],9,361,40,140,Monopolist
1,0.85,41,"[3, 11]",15,1063,41,140,Diversifier
1,0.89,42,[4],11,285,42,140,Monopolist
1,0.76,43,"[6, 20]",15,616,15,140,Diversifier
1,0.88,44,"[16, 15]",15,1062,44,140,Monopolist
1,0.8,45,[13],9,172,45,140,Monopolist
1,0.72,46,[8],30,430,46,140,Monopolist
1,0.73,47,"[17, 9]",15,505,47,140,Monopolist
1,0.79,48,[14],11,586,1,140,Monopolist
1,0.78,49,"[2, 7]",16,446,30,140,Monopolist
1,0.76,0,[17],6,185,47,150,Diversifier
1,0.62,1,[14],12,192,1,150,Monopolist
1,0.71,2,"[12, 16]",15,1000,19,150,Diversifier
1,0.76,3,"[19, 13]",22,250,3,150,Monopolist
1,0.79,4,[5],15,1210,4,150,Monopolist
1,0.82,5,"[18, 5]",21,1001,5,150,Monopolist
1,0.72,6,"[16, 4]",18,964,6,150,Monopolist
1,0.9,7,"[1, 18]",22,460,7,150,Diversifier
1,0.88,8,[11],10,800,8,150,Diversifier
1,0.72,9,"[11, 13]",15,718,9,150,Monopolist
1,0.87,10,"[16, 11]",18,1450,10,150,Diversifier
1,0.65,11,"[12, 7]",23,2244,11,150,Monopolist
1,0.67,12,[17],10,360,12,150,Diversifier
1,0.81,13,[19],22,390,23,150,Monopolist
1,0.9,14,[1],19,295,14,150,Monopolist
1,0.65,15,"[6, 2]",17,946,15,150,Monopolist
1,0.86,16,[14],5,330,16,150,Monopolist
1,0.88,17,[16],5,253,44,150,Monopolist
1,0.68,18,[13],13,172,9,150,Monopolist
1,0.6,19,"[9, 5]",23,311,19,150,Diversifier
1,0.81,20,"[11, 10]",19,1721,20,150,Diversifier
1,0.76,21,[1],19,295,21,150,Diversifier
1,0.73,22,[10],8,103,25,150,Monopolist
1,0.85,23,"[15, 3]",25,1677,23,150,Diversifier
1,0.66,24,[7],6,286,11,150,Monopolist
1,0.71,25,"[10, 8]",23,1577,25,150,Monopolist
1,0.66,26,"[4, 5]",13,995,26,150,Diversifier
1,0.63,27,"[4, 17]",10,280,27,150,Monopolist
1,0.65,28,"[9, 13]",14,169,3,150,Monopolist
1,0.73,29,"[11, 17]",16,888,29,150,Diversifier
1,0.7,30,"[7, 18]",30,1659,30,150,Monopolist
1,0.6,31,"[12, 17]",21,1627,31,150,Diversifier
1,0.77,32,"[2, 20]",25,995,32,150,Diversifier
1,0.82,33,[16],4,334,33,150,Monopolist
1,0.69,34,"[2, 9]",16,525,19,150,Diversifier
1,0.76,35,[20],12,478,35,150,Monopolist
1,0.77,36,"[14, 11]",10,409,38,150,Monopolist
1,0.6,37,[15],13,959,37,150,Monopolist
1,0.78,38,"[4, 14]",18,608,38,150,Monopolist
1,0.73,39,"[17, 3]",21,1339,39,150,Monopolist
1,0.76,40,[20],10,400,40,150,Monopolist
1,0.85,41,"[3, 11]",16,1131,41,150,Diversifier
1,0.89,42,[4],11,285,42,150,Monopolist
1,0.76,43,"[6, 20]",17,616,15,150,Diversifier
1,0.88,44,"[16, 15]",16,1143,44,150,Monopolist
1,0.8,45,[13],9,172,45,150,Monopolist
1,0.72,46,[8],31,444,46,150,Monopolist
1,0.73,47,"[17, 9]",16,540,47,150,Monopolist
1,0.79,48,[14],14,586,1,150,Monopolist
1,0.78,49,"[2, 7]",19,446,30,150,Monopolist
1,0.76,0,[17],8,185,47,160,Diversifier
1,0.62,1,[14],13,256,1,160,Monopolist
1,0.71,2,"[12, 16]",16,1000,19,160,Diversifier
1,0.76,3,"[19, 13]",25,307,3,160,Monopolist
1,0.79,4,[5],17,1370,4,160,Monopolist
1,0.82,5,"[18, 5]",24,1135,5,160,Monopolist
1,0.72,6,"[16, 4]",20,1070,6,160,Monopolist
1,0.9,7,"[1, 18]",25,529,7,160,Diversifier
1,0.88,8,[11],11,879,8,160,Diversifier
1,0.72,9,"[11, 13]",18,833,9,160,Monopolist
1,0.87,10,"[16, 11]",22,1770,10,160,Diversifier
1,0.65,11,"[12, 7]",27,2880,11,160,Monopolist
1,0.67,12,[17],11,395,12,160,Diversifier
1,0.81,13,[19],26,390,23,160,Monopolist
1,0.9,14,[1],23,355,14,160,Monopolist
1,0.65,15,"[6, 2]",22,1136,31,160,Monopolist
1,0.86,16,[14],7,458,16,160,Monopolist
1,0.88,17,[16],6,253,44,160,Monopolist
1,0.68,18,[13],15,172,9,160,Monopolist
1,0.6,19,"[9, 5]",27,907,19,160,Diversifier
1,0.81,20,"[11, 10]",22,1986,20,160,Diversifier
1,0.76,21,[1],21,325,21,160,Diversifier
1,0.73,22,[10],11,103,25,160,Monopolist
1,0.85,23,"[15, 3]",29,2124,23,160,Diversifier
1,0.66,24,[7],7,286,11,160,Monopolist
1,0.71,25,"[10, 8]",28,1833,25,160,Monopolist
1,0.66,26,"[4, 5]",17,1260,26,160,Diversifier
1,0.63,27,"[4, 17]",13,365,27,160,Monopolist
1,0.65,28,"[9, 13]",16,169,3,160,Monopolist
1,0.73,29,"[11, 17]",18,1082,29,160,Diversifier
1,0.7,30,"[7, 18]",35,2006,30,160,Monopolist
1,0.6,31,"[12, 17]",24,1038,31,160,Diversifier
1,0.77,32,"[2, 20]",30,1193,32,160,Diversifier
1,0.82,33,[16],6,496,33,160,Monopolist
1,0.69,34,"[2, 9]",20,525,19,160,Diversifier
1,0.76,35,[20],16,634,35,160,Monopolist
1,0.77,36,"[14, 11]",13,409,38,160,Monopolist
1,0.6,37,[15],17,1251,37,160,Monopolist
1,0.78,38,"[4, 14]",19,864,38,160,Monopolist
1,0.73,39,"[17, 3]",25,1545,39,160,Monopolist
1,0.76,40,[20],13,517,40,160,Monopolist
1,0.85,41,"[3, 11]",20,1403,41,160,Diversifier
1,0.89,42,[4],13,335,42,160,Monopolist
1,0.76,43,"[6, 20]",22,616,15,160,Diversifier
1,0.88,44,"[16, 15]",20,1532,44,160,Monopolist
1,0.8,45,[13],10,190,45,160,Monopolist
1,0.72,46,[8],37,528,46,160,Monopolist
1,0.73,47,"[17, 9]",21,809,47,160,Monopolist
1,0.79,48,[14],17,586,1,160,Monopolist
1,0.78,49,"[2, 7]",23,446,30,160,Monopolist
1,0.76,0,[17],8,185,47,170,Diversifier
1,0.62,1,[14],13,256,1,170,Monopolist
1,0.71,2,"[12, 16]",17,1000,19,170,Diversifier
1,0.76,3,"[19, 13]",25,307,3,170,Monopolist
1,0.79,4,[5],17,1370,4,170,Monopolist
1,0.82,5,"[18, 5]",25,1215,5,170,Monopolist
1,0.72,6,"[16, 4]",21,1095,6,170,Monopolist
1,0.9,7,"[1, 18]",26,544,7,170,Diversifier
1,0.88,8,[11],12,958,8,170,Diversifier
1,0.72,9,"[11, 13]",18,833,9,170,Monopolist
1,0.87,10,"[16, 11]",22,1770,10,170,Diversifier
1,0.65,11,"[12, 7]",29,3176,11,170,Monopolist
1,0.67,12,[17],11,395,12,170,Diversifier
1,0.81,13,[19],26,390,23,170,Monopolist
1,0.9,14,[1],23,355,14,170,Monopolist
1,0.65,15,"[6, 2]",23,1136,31,170,Monopolist
1,0.86,16,[14],7,458,16,170,Monopolist
1,0.88,17,[16],6,253,44,170,Monopolist
1,0.68,18,[13],15,172,9,170,Monopolist
1,0.6,19,"[9, 5]",29,1172,19,170,Diversifier
1,0.81,20,"[11, 10]",23,2065,20,170,Diversifier
1,0.76,21,[1],21,325,21,170,Diversifier
1,0.73,22,[10],11,103,25,170,Monopolist
1,0.85,23,"[15, 3]",29,2218,23,170,Diversifier
1,0.66,24,[7],7,286,11,170,Monopolist
1,0.71,25,"[10, 8]",28,1833,25,170,Monopolist
1,0.66,26,"[4, 5]",17,1260,26,170,Diversifier
1,0.63,27,"[4, 17]",14,390,38,170,Monopolist
1,0.65,28,"[9, 13]",17,169,3,170,Monopolist
1,0.73,29,"[11, 17]",18,1082,29,170,Diversifier
1,0.7,30,"[7, 18]",35,2098,30,170,Monopolist
1,0.6,31,"[12, 17]",24,1157,31,170,Diversifier
1,0.77,32,"[2, 20]",31,1232,32,170,Diversifier
1,0.82,33,[16],7,577,33,170,Monopolist
1,0.69,34,"[2, 9]",22,525,19,170,Diversifier
1,0.76,35,[20],17,673,35,170,Monopolist
1,0.77,36,"[14, 11]",14,409,38,170,Monopolist
1,0.6,37,[15],17,1251,37,170,Monopolist
1,0.78,38,"[4, 14]",20,953,38,170,Monopolist
1,0.73,39,"[17, 3]",25,1545,39,170,Monopolist
1,0.76,40,[20],13,517,40,170,Monopolist
1,0.85,41,"[3, 11]",20,1403,41,170,Diversifier
1,0.89,42,[4],13,335,42,170,Monopolist
1,0.76,43,"[6, 20]",22,616,15,170,Diversifier
1,0.88,44,"[16, 15]",20,1532,44,170,Monopolist
1,0.8,45,[13],12,226,45,170,Monopolist
1,0.72,46,[8],38,542,46,170,Monopolist
1,0.73,47,"[17, 9]",21,809,47,170,Monopolist
1,0.79,48,[14],18,586,1,170,Monopolist
1,0.78,49,"[2, 7]",23,446,30,170,Monopolist
1,0.76,0,[17],8,185,47,180,Diversifier
1,0.62,1,[14],14,320,1,180,Monopolist
1,0.71,2,"[12, 16]",17,1000,19,180,Diversifier
1,0.76,3,"[19, 13]",25,307,3,180,Monopolist
1,0.79,4,[5],17,1370,4,180,Monopolist
1,0.82,5,"[18, 5]",26,1295,5,180,Monopolist
1,0.72,6,"[16, 4]",21,1095,6,180,Monopolist
1,0.9,7,"[1, 18]",26,544,7,180,Diversifier
1,0.88,8,[11],12,958,8,180,Diversifier
1,0.72,9,"[11, 13]",18,833,9,180,Monopolist
1,0.87,10,"[16, 11]",22,1770,10,180,Diversifier
1,0.65,11,"[12, 7]",29,3176,11,180,Monopolist
1,0.67,12,[17],11,395,12,180,Diversifier
1,0.81,13,[19],26,390,23,180,Monopolist
1,0.9,14,[1],23,355,14,180,Monopolist
1,0.65,15,"[6, 2]",23,1136,31,180,Monopolist
1,0.86,16,[14],7,458,16,180,Monopolist
1,0.88,17,[16],6,253,44,180,Monopolist
1,0.68,18,[13],16,172,9,180,Monopolist
1,0.6,19,"[9, 5]",29,1172,19,180,Diversifier
1,0.81,20,"[11, 10]",23,2065,20,180,Diversifier
1,0.76,21,[1],21,325,21,180,Diversifier
1,0.73,22,[10],11,103,25,180,Monopolist
1,0.85,23,"[15, 3]",29,2218,23,180,Diversifier
1,0.66,24,[7],7,286,11,180,Monopolist
1,0.71,25,"[10, 8]",28,1833,25,180,Monopolist
1,0.66,26,"[4, 5]",17,1260,26,180,Diversifier
1,0.63,27,"[4, 17]",14,390,38,180,Monopolist
1,0.65,28,"[9, 13]",17,169,3,180,Monopolist
1,0.73,29,"[11, 17]",19,1179,29,180,Diversifier
1,0.7,30,"[7, 18]",36,2230,30,180,Monopolist
1,0.6,31,"[12, 17]",25,1241,31,180,Diversifier
1,0.77,32,"[2, 20]",31,1232,32,180,Diversifier
1,0.82,33,[16],7,577,33,180,Monopolist
1,0.69,34,"[2, 9]",22,525,19,180,Diversifier
1,0.76,35,[20],17,673,35,180,Monopolist
1,0.77,36,"[14, 11]",15,409,38,180,Monopolist
1,0.6,37,[15],18,1324,37,180,Monopolist
1,0.78,38,"[4, 14]",20,642,38,180,Monopolist
1,0.73,39,"[17, 3]",26,1613,39,180,Monopolist
1,0.76,40,[20],13,517,40,180,Monopolist
1,0.85,41,"[3, 11]",20,1403,41,180,Diversifier
1,0.89,42,[4],13,335,42,180,Monopolist
1,0.76,43,"[6, 20]",22,616,15,180,Diversifier
1,0.88,44,"[16, 15]",20,1532,44,180,Monopolist
1,0.8,45,[13],13,244,45,180,Monopolist
1,0.72,46,[8],38,542,46,180,Monopolist
1,0.73,47,"[17, 9]",21,809,47,180,Monopolist
1,0.79,48,[14],18,586,1,180,Monopolist
1,0.78,49,"[2, 7]",24,446,30,180,Monopolist
1,0.76,0,[17],9,185,47,190,Diversifier
1,0.62,1,[14],14,320,1,190,Monopolist
1,0.71,2,"[12, 16]",17,1000,19,190,Diversifier
1,0.76,3,"[19, 13]",26,325,3,190,Monopolist
1,0.79,4,[5],17,1370,4,190,Monopolist
1,0.82,5,"[18, 5]",27,1322,5,190,Monopolist
1,0.72,6,"[16, 4]",23,1257,6,190,Monopolist
1,0.9,7,"[1, 18]",28,586,7,190,Diversifier
1,0.88,8,[11],14,1116,8,190,Diversifier
1,0.72,9,"[11, 13]",18,833,9,190,Monopolist
1,0.87,10,"[16, 11]",25,2007,10,190,Diversifier
1,0.65,11,"[12, 7]",32,3600,11,190,Monopolist
1,0.67,12,[17],13,465,12,190,Diversifier
1,0.81,13,[19],27,390,23,190,Monopolist
1,0.9,14,[1],26,400,14,190,Monopolist
1,0.65,15,"[6, 2]",26,1136,31,190,Monopolist
1,0.86,16,[14],8,522,16,190,Monopolist
1,0.88,17,[16],6,253,44,190,Monopolist
1,0.68,18,[13],17,172,9,190,Monopolist
1,0.6,19,"[9, 5]",31,1332,19,190,Diversifier
1,0.81,20,"[11, 10]",25,2237,20,190,Diversifier
1,0.76,21,[1],22,340,21,190,Diversifier
1,0.73,22,[10],12,103,25,190,Monopolist
1,0.85,23,"[15, 3]",32,2493,23,190,Diversifier
1,0.66,24,[7],8,286,11,190,Monopolist
1,0.71,25,"[10, 8]",31,2126,25,190,Monopolist
1,0.66,26,"[4, 5]",17,1260,26,190,Diversifier
1,0.63,27,"[4, 17]",15,390,38,190,Monopolist
1,0.65,28,"[9, 13]",19,169,3,190,Monopolist
1,0.73,29,"[11, 17]",20,1276,29,190,Diversifier
1,0.7,30,"[7, 18]",39,2376,30,190,Monopolist
1,0.6,31,"[12, 17]",28,1770,31,190,Diversifier
1,0.77,32,"[2, 20]",33,1311,32,190,Diversifier
1,0.82,33,[16],8,658,33,190,Monopolist
1,0.69,34,"[2, 9]",22,525,19,190,Diversifier
1,0.76,35,[20],18,712,35,190,Monopolist
1,0.77,36,"[14, 11]",16,409,38,190,Monopolist
1,0.6,37,[15],19,1397,37,190,Monopolist
1,0.78,38,"[4, 14]",21,810,38,190,Monopolist
1,0.73,39,"[17, 3]",29,1817,39,190,Monopolist
1,0.76,40,[20],13,517,40,190,Monopolist
1,0.85,41,"[3, 11]",23,1629,41,190,Diversifier
1,0.89,42,[4],13,335,42,190,Monopolist
1,0.76,43,"[6, 20]",25,616,15,190,Diversifier
1,0.88,44,"[16, 15]",21,1613,44,190,Monopolist
1,0.8,45,[13],14,262,45,190,Monopolist
1,0.72,46,[8],39,556,46,190,Monopolist
1,0.73,47,"[17, 9]",25,1032,47,190,Monopolist
1,0.79,48,[14],19,586,1,190,Monopolist
1,0.78,49,"[2, 7]",25,446,30,190,Monopolist
1,0.76,0,[17],10,185,47,200,Diversifier
1,0.62,1,[14],15,384,1,200,Monopolist
1,0.71,2,"[12, 16]",17,1000,19,200,Diversifier
1,0.76,3,"[19, 13]",27,344,3,200,Monopolist
1,0.79,4,[5],17,1370,4,200,Monopolist
1,0.82,5,"[18, 5]",29,1429,5,200,Monopolist
1,0.72,6,"[16, 4]",24,1282,6,200,Monopolist
1,0.9,7,"[1, 18]",29,601,7,200,Diversifier
1,0.88,8,[11],15,1195,8,200,Diversifier
1,0.72,9,"[11, 13]",21,747,9,200,Monopolist
1,0.87,10,"[16, 11]",27,2167,10,200,Diversifier
1,0.65,11,"[12, 7]",35,4100,11,200,Monopolist
1,0.67,12,[17],14,500,12,200,Diversifier
1,0.81,13,[19],28,390,23,200,Monopolist
1,0.9,14,[1],28,430,14,200,Monopolist
1,0.65,15,"[6, 2]",28,1136,31,200,Monopolist
1,0.86,16,[14],8,522,16,200,Monopolist
1,0.88,17,[16],7,253,44,200,Monopolist
1,0.68,18,[13],18,172,9,200,Monopolist
1,0.6,19,"[9, 5]",35,1753,19,200,Diversifier
1,0.81,20,"[11, 10]",28,2516,20,200,Diversifier
1,0.76,21,[1],23,355,21,200,Diversifier
1,0.73,22,[10],13,103,25,200,Monopolist
1,0.85,23,"[15, 3]",33,2650,23,200,Diversifier
1,0.66,24,[7],10,286,11,200,Monopolist
1,0.71,25,"[10, 8]",34,2419,25,200,Monopolist
1,0.66,26,"[4, 5]",19,1420,26,200,Diversifier
1,0.63,27,"[4, 17]",15,390,38,200,Monopolist
1,0.65,28,"[9, 13]",21,169,3,200,Monopolist
1,0.73,29,"[11, 17]",22,1390,29,200,Diversifier
1,0.7,30,"[7, 18]",42,2587,30,200,Monopolist
1,0.6,31,"[12, 17]",30,1990,31,200,Diversifier
1,0.77,32,"[2, 20]",36,1430,32,200,Diversifier
1,0.82,33,[16],10,820,33,200,Monopolist
1,0.69,34,"[2, 9]",25,525,19,200,Diversifier
1,0.76,35,[20],18,712,35,200,Monopolist
1,0.77,36,"[14, 11]",18,409,38,200,Monopolist
1,0.6,37,[15],19,1397,37,200,Monopolist
1,0.78,38,"[4, 14]",21,889,38,200,Monopolist
1,0.73,39,"[17, 3]",30,1885,39,200,Monopolist
1,0.76,40,[20],14,556,40,200,Monopolist
1,0.85,41,"[3, 11]",25,1776,41,200,Diversifier
1,0.89,42,[4],15,385,42,200,Monopolist
1,0.76,43,"[6, 20]",27,616,15,200,Diversifier
1,0.88,44,"[16, 15]",22,1775,44,200,Monopolist
1,0.8,45,[13],14,262,9,200,Monopolist
1,0.72,46,[8],44,626,46,200,Monopolist
1,0.73,47,"[17, 9]",27,1126,47,200,Monopolist
1,0.79,48,[14],21,586,1,200,Monopolist
1,0.78,49,"[2, 7]",28,446,30,200,Monopolist
1,0.76,0,[17],10,185,47,210,Diversifier
1,0.62,1,[14],15,384,1,210,Monopolist
1,0.71,2,"[12, 16]",18,1000,19,210,Diversifier
1,0.76,3,"[19, 13]",27,344,3,210,Monopolist
1,0.79,4,[5],18,1450,4,210,Monopolist
1,0.82,5,"[18, 5]",30,1509,5,210,Monopolist
1,0.72,6,"[16, 4]",25,1363,6,210,Monopolist
1,0.9,7,"[1, 18]",31,643,7,210,Diversifier
1,0.88,8,[11],16,1274,8,210,Diversifier
1,0.72,9,"[11, 13]",21,747,9,210,Monopolist
1,0.87,10,"[16, 11]",28,2246,10,210,Diversifier
1,0.65,11,"[12, 7]",36,4256,11,210,Monopolist
1,0.67,12,[17],14,500,12,210,Diversifier
1,0.81,13,[19],29,390,23,210,Monopolist
1,0.9,14,[1],29,445,14,210,Monopolist
1,0.65,15,"[6, 2]",30,1136,31,210,Monopolist
1,0.86,16,[14],8,522,16,210,Monopolist
1,0.88,17,[16],7,253,44,210,Monopolist
1,0.68,18,[13],19,172,9,210,Monopolist
1,0.6,19,"[9, 5]",36,2041,19,210,Diversifier
1,0.81,20,"[11, 10]",30,2702,20,210,Diversifier
1,0.76,21,[1],24,370,21,210,Diversifier
1,0.73,22,[10],13,103,25,210,Monopolist
1,0.85,23,"[15, 3]",34,2825,23,210,Diversifier
1,0.66,24,[7],10,286,11,210,Monopolist
1,0.71,25,"[10, 8]",35,2512,25,210,Monopolist
1,0.66,26,"[4, 5]",20,1500,26,210,Diversifier
1,0.63,27,"[4, 17]",15,390,38,210,Monopolist
1,0.65,28,"[9, 13]",23,169,3,210,Monopolist
1,0.73,29,"[11, 17]",22,1426,29,210,Diversifier
1,0.7,30,"[7, 18]",43,2679,30,210,Monopolist
1,0.6,31,"[12, 17]",31,2149,31,210,Diversifier
1,0.77,32,"[2, 20]",38,1510,32,210,Diversifier
1,0.82,33,[16],10,820,33,210,Monopolist
1,0.69,34,"[2, 9]",28,525,19,210,Diversifier
1,0.76,35,[20],19,751,35,210,Monopolist
1,0.77,36,"[14, 11]",18,409,38,210,Monopolist
1,0.6,37,[15],19,1397,37,210,Monopolist
1,0.78,38,"[4, 14]",21,968,38,210,Monopolist
1,0.73,39,"[17, 3]",31,1920,39,210,Monopolist
1,0.76,40,[20],14,556,40,210,Monopolist
1,0.85,41,"[3, 11]",26,1844,41,210,Diversifier
1,0.89,42,[4],16,410,42,210,Monopolist
1,0.76,43,"[6, 20]",29,616,15,210,Diversifier
1,0.88,44,"[16, 15]",23,1848,44,210,Monopolist
1,0.8,45,[13],14,262,9,210,Monopolist
1,0.72,46,[8],45,640,46,210,Monopolist
1,0.73,47,"[17, 9]",28,1161,47,210,Monopolist
1,0.79,48,[14],22,586,1,210,Monopolist
1,0.78,49,"[2, 7]",29,446,30,210,Monopolist
1,0.76,0,[17],11,185,47,220,Diversifier
1,0.62,1,[14],18,576,1,220,Monopolist
1,0.71,2,"[12, 16]",21,1000,19,220,Diversifier
1,0.76,3,"[19, 13]",28,362,3,220,Monopolist
1,0.79,4,[5],18,1450,4,220,Monopolist
1,0.82,5,"[18, 5]",34,1723,5,220,Monopolist
1,0.72,6,"[16, 4]",26,1388,6,220,Monopolist
1,0.9,7,"[1, 18]",36,742,7,220,Diversifier
1,0.88,8,[11],17,1353,8,220,Diversifier
1,0.72,9,"[11, 13]",23,783,9,220,Monopolist
1,0.87,10,"[16, 11]",31,2485,10,220,Diversifier
1,0.65,11,"[12, 7]",41,5076,11,220,Monopolist
1,0.67,12,[17],16,570,12,220,Diversifier
1,0.81,13,[19],31,390,23,220,Monopolist
1,0.9,14,[1],32,490,14,220,Monopolist
1,0.65,15,"[6, 2]",35,1136,31,220,Monopolist
1,0.86,16,[14],8,522,16,220,Monopolist
1,0.88,17,[16],8,253,44,220,Monopolist
1,0.68,18,[13],22,172,9,220,Monopolist
1,0.6,19,"[9, 5]",40,2613,19,220,Diversifier
1,0.81,20,"[11, 10]",33,2981,20,220,Diversifier
1,0.76,21,[1],27,415,21,220,Diversifier
1,0.73,22,[10],14,103,25,220,Monopolist
1,0.85,23,"[15, 3]",37,3126,23,220,Diversifier
1,0.66,24,[7],12,286,11,220,Monopolist
1,0.71,25,"[10, 8]",38,2726,25,220,Monopolist
1,0.66,26,"[4, 5]",22,1550,26,220,Diversifier
1,0.63,27,"[4, 17]",18,390,38,220,Monopolist
1,0.65,28,"[9, 13]",26,169,3,220,Monopolist
1,0.73,29,"[11, 17]",23,1541,29,220,Diversifier
1,0.7,30,"[7, 18]",48,3116,30,220,Monopolist
1,0.6,31,"[12, 17]",36,2850,31,220,Diversifier
1,0.77,32,"[2, 20]",40,1590,32,220,Diversifier
1,0.82,33,[16],12,982,33,220,Monopolist
1,0.69,34,"[2, 9]",32,525,19,220,Diversifier
1,0.76,35,[20],19,751,35,220,Monopolist
1,0.77,36,"[14, 11]",18,409,38,220,Monopolist
1,0.6,37,[15],23,1689,37,220,Monopolist
1,0.78,38,"[4, 14]",24,1245,38,220,Monopolist
1,0.73,39,"[17, 3]",33,2056,39,220,Monopolist
1,0.76,40,[20],16,634,40,220,Monopolist
1,0.85,41,"[3, 11]",28,1980,41,220,Diversifier
1,0.89,42,[4],16,410,42,220,Monopolist
1,0.76,43,"[6, 20]",32,616,15,220,Diversifier
1,0.88,44,"[16, 15]",25,2083,44,220,Monopolist
1,0.8,45,[13],14,262,9,220,Monopolist
1,0.72,46,[8],49,696,46,220,Monopolist
1,0.73,47,"[17, 9]",30,1278,47,220,Monopolist
1,0.79,48,[14],26,586,1,220,Monopolist
1,0.78,49,"[2, 7]",31,446,30,220,Monopolist
1,0.76,0,[17],11,185,47,230,Diversifier
1,0.62,1,[14],20,704,1,230,Monopolist
1,0.71,2,"[12, 16]",23,1000,19,230,Diversifier
1,0.76,3,"[19, 13]",31,416,3,230,Monopolist
1,0.79,4,[5],21,1690,4,230,Monopolist
1,0.82,5,"[18, 5]",37,1910,5,230,Monopolist
1,0.72,6,"[16, 4]",28,1550,6,230,Monopolist
1,0.9,7,"[1, 18]",40,826,7,230,Diversifier
1,0.88,8,[11],20,1590,8,230,Diversifier
1,0.72,9,"[11, 13]",24,862,9,230,Monopolist
1,0.87,10,"[16, 11]",34,2724,10,230,Diversifier
1,0.65,11,"[12, 7]",44,5620,11,230,Monopolist
1,0.67,12,[17],18,640,12,230,Diversifier
1,0.81,13,[19],35,390,23,230,Monopolist
1,0.9,14,[1],34,520,14,230,Monopolist
1,0.65,15,"[6, 2]",38,1136,31,230,Monopolist
1,0.86,16,[14],9,586,16,230,Monopolist
1,0.88,17,[16],8,253,44,230,Monopolist
1,0.68,18,[13],25,172,9,230,Monopolist
1,0.6,19,"[9, 5]",44,3272,19,230,Diversifier
1,0.81,20,"[11, 10]",36,3260,20,230,Diversifier
1,0.76,21,[1],29,445,21,230,Diversifier
1,0.73,22,[10],16,103,25,230,Monopolist
1,0.85,23,"[15, 3]",40,3434,23,230,Diversifier
1,0.66,24,[7],13,286,11,230,Monopolist
1,0.71,25,"[10, 8]",40,2847,25,230,Monopolist
1,0.66,26,"[4, 5]",25,1735,26,230,Diversifier
1,0.63,27,"[4, 17]",20,390,38,230,Monopolist
1,0.65,28,"[9, 13]",30,169,3,230,Monopolist
1,0.73,29,"[11, 17]",24,1692,29,230,Diversifier
1,0.7,30,"[7, 18]",52,3551,30,230,Monopolist
1,0.6,31,"[12, 17]",38,3437,31,230,Diversifier
1,0.77,32,"[2, 20]",45,1788,32,230,Diversifier
1,0.82,33,[16],12,982,33,230,Monopolist
1,0.69,34,"[2, 9]",35,525,19,230,Diversifier
1,0.76,35,[20],22,234,35,230,Monopolist
1,0.77,36,"[14, 11]",18,409,38,230,Monopolist
1,0.6,37,[15],24,1762,37,230,Monopolist
1,0.78,38,"[4, 14]",27,1497,38,230,Monopolist
1,0.73,39,"[17, 3]",36,2260,39,230,Monopolist
1,0.76,40,[20],18,673,35,230,Monopolist
1,0.85,41,"[3, 11]",30,2138,41,230,Diversifier
1,0.89,42,[4],18,460,42,230,Monopolist
1,0.76,43,"[6, 20]",36,616,15,230,Diversifier
1,0.88,44,"[16, 15]",28,2318,44,230,Monopolist
1,0.8,45,[13],16,262,9,230,Monopolist
1,0.72,46,[8],52,738,46,230,Monopolist
1,0.73,47,"[17, 9]",32,1372,47,230,Monopolist
1,0.79,48,[14],28,586,1,230,Monopolist
1,0.78,49,"[2, 7]",33,446,30,230,Monopolist
1,0.76,0,[17],12,185,47,240,Diversifier
1,0.62,1,[14],22,832,1,240,Monopolist
1,0.71,2,"[12, 16]",24,1000,19,240,Diversifier
1,0.76,3,"[19, 13]",34,472,3,240,Monopolist
1,0.79,4,[5],22,1770,4,240,Monopolist
1,0.82,5,"[18, 5]",39,1964,5,240,Monopolist
1,0.72,6,"[16, 4]",31,1681,6,240,Monopolist
1,0.9,7,"[1, 18]",41,853,7,240,Diversifier
1,0.88,8,[11],22,1748,8,240,Diversifier
1,0.72,9,"[11, 13]",27,977,9,240,Monopolist
1,0.87,10,"[16, 11]",36,2884,10,240,Diversifier
1,0.65,11,"[12, 7]",45,5924,11,240,Monopolist
1,0.67,12,[17],18,640,12,240,Diversifier
1,0.81,13,[19],37,390,23,240,Monopolist
1,0.9,14,[1],36,550,14,240,Monopolist
1,0.65,15,"[6, 2]",40,1136,31,240,Monopolist
1,0.86,16,[14],10,650,16,240,Monopolist
1,0.88,17,[16],8,253,44,240,Monopolist
1,0.68,18,[13],26,172,9,240,Monopolist
1,0.6,19,"[9, 5]",47,3658,19,240,Diversifier
1,0.81,20,"[11, 10]",38,3432,20,240,Diversifier
1,0.76,21,[1],30,460,21,240,Diversifier
1,0.73,22,[10],18,103,25,240,Monopolist
1,0.85,23,"[15, 3]",41,3653,23,240,Diversifier
1,0.66,24,[7],14,286,11,240,Monopolist
1,0.71,25,"[10, 8]",42,3047,25,240,Monopolist
1,0.66,26,"[4, 5]",26,1815,26,240,Diversifier
1,0.63,27,"[4, 17]",20,390,38,240,Monopolist
1,0.65,28,"[9, 13]",31,169,3,240,Monopolist
1,0.73,29,"[11, 17]",26,1886,29,240,Diversifier
1,0.7,30,"[7, 18]",54,3697,30,240,Monopolist
1,0.6,31,"[12, 17]",40,3870,31,240,Diversifier
1,0.77,32,"[2, 20]",48,1906,32,240,Diversifier
1,0.82,33,[16],12,982,33,240,Monopolist
1,0.69,34,"[2, 9]",37,525,19,240,Diversifier
1,0.76,35,[20],23,273,35,240,Monopolist
1,0.77,36,"[14, 11]",21,409,38,240,Monopolist
1,0.6,37,[15],26,1908,37,240,Monopolist
1,0.78,38,"[4, 14]",31,1867,38,240,Monopolist
1,0.73,39,"[17, 3]",38,2396,39,240,Monopolist
1,0.76,40,[20],18,673,35,240,Monopolist
1,0.85,41,"[3, 11]",32,2274,41,240,Diversifier
1,0.89,42,[4],20,510,42,240,Monopolist
1,0.76,43,"[6, 20]",37,616,15,240,Diversifier
1,0.88,44,"[16, 15]",31,2537,44,240,Monopolist
1,0.8,45,[13],17,262,9,240,Monopolist
1,0.72,46,[8],55,780,46,240,Monopolist
1,0.73,47,"[17, 9]",35,1536,47,240,Monopolist
1,0.79,48,[14],30,586,1,240,Monopolist
1,0.78,49,"[2, 7]",34,446,30,240,Monopolist
1,0.76,0,[17],12,185,47,250,Diversifier
1,0.62,1,[14],22,832,1,250,Monopolist
1,0.71,2,"[12, 16]",25,1000,19,250,Diversifier
1,0.76,3,"[19, 13]",34,472,3,250,Monopolist
1,0.79,4,[5],23,1850,4,250,Monopolist
1,0.82,5,"[18, 5]",39,1964,5,250,Monopolist
1,0.72,6,"[16, 4]",31,1681,6,250,Monopolist
1,0.9,7,"[1, 18]",42,880,7,250,Diversifier
1,0.88,8,[11],23,1827,8,250,Diversifier
1,0.72,9,"[11, 13]",27,977,9,250,Monopolist
1,0.87,10,"[16, 11]",37,2965,10,250,Diversifier
1,0.65,11,"[12, 7]",46,6100,11,250,Monopolist
1,0.67,12,[17],18,640,12,250,Diversifier
1,0.81,13,[19],37,390,23,250,Monopolist
1,0.9,14,[1],37,565,14,250,Monopolist
1,0.65,15,"[6, 2]",41,1136,31,250,Monopolist
1,0.86,16,[14],10,650,16,250,Monopolist
1,0.88,17,[16],9,253,44,250,Monopolist
1,0.68,18,[13],27,172,9,250,Monopolist
1,0.6,19,"[9, 5]",47,3742,19,250,Diversifier
1,0.81,20,"[11, 10]",38,3432,20,250,Diversifier
1,0.76,21,[1],30,460,21,250,Diversifier
1,0.73,22,[10],18,103,25,250,Monopolist
1,0.85,23,"[15, 3]",42,3721,23,250,Diversifier
1,0.66,24,[7],15,286,11,250,Monopolist
1,0.71,25,"[10, 8]",42,3047,25,250,Monopolist
1,0.66,26,"[4, 5]",26,1815,26,250,Diversifier
1,0.63,27,"[4, 17]",20,390,38,250,Monopolist
1,0.65,28,"[9, 13]",31,169,3,250,Monopolist
1,0.73,29,"[11, 17]",26,1922,29,250,Diversifier
1,0.7,30,"[7, 18]",55,3804,30,250,Monopolist
1,0.6,31,"[12, 17]",41,4055,31,250,Diversifier
1,0.77,32,"[2, 20]",49,1945,32,250,Diversifier
1,0.82,33,[16],13,1063,33,250,Monopolist
1,0.69,34,"[2, 9]",37,525,19,250,Diversifier
1,0.76,35,[20],24,312,35,250,Monopolist
1,0.77,36,"[14, 11]",22,409,38,250,Monopolist
1,0.6,37,[15],27,1981,37,250,Monopolist
1,0.78,38,"[4, 14]",32,1956,38,250,Monopolist
1,0.73,39,"[17, 3]",38,2396,39,250,Monopolist
1,0.76,40,[20],18,673,35,250,Monopolist
1,0.85,41,"[3, 11]",32,2274,41,250,Diversifier
1,0.89,42,[4],22,560,42,250,Monopolist
1,0.76,43,"[6, 20]",38,616,15,250,Diversifier
1,0.88,44,"[16, 15]",33,2764,44,250,Monopolist
1,0.8,45,[13],18,262,9,250,Monopolist
1,0.72,46,[8],56,794,46,250,Monopolist
1,0.73,47,"[17, 9]",36,1583,47,250,Monopolist
1,0.79,48,[14],30,586,1,250,Monopolist
1,0.78,49,"[2, 7]",36,446,30,250,Monopolist
1,0.76,0,[17],12,185,47,260,Diversifier
1,0.62,1,[14],22,832,1,260,Monopolist
1,0.71,2,"[12, 16]",25,1000,19,260,Diversifier
1,0.76,3,"[19, 13]",34,472,3,260,Monopolist
1,0.79,4,[5],23,1850,4,260,Monopolist
1,0.82,5,"[18, 5]",39,1964,5,260,Monopolist
1,0.72,6,"[16, 4]",31,1681,6,260,Monopolist
1,0.9,7,"[1, 18]",42,880,7,260,Diversifier
1,0.88,8,[11],23,1827,8,260,Diversifier
1,0.72,9,"[11, 13]",27,977,9,260,Monopolist
1,0.87,10,"[16, 11]",37,2965,10,260,Diversifier
1,0.65,11,"[12, 7]",47,6184,11,260,Monopolist
1,0.67,12,[17],18,640,12,260,Diversifier
1,0.81,13,[19],37,390,23,260,Monopolist
1,0.9,14,[1],37,565,14,260,Monopolist
1,0.65,15,"[6, 2]",41,1136,31,260,Monopolist
1,0.86,16,[14],10,650,16,260,Monopolist
1,0.88,17,[16],9,253,44,260,Monopolist
1,0.68,18,[13],27,172,9,260,Monopolist
1,0.6,19,"[9, 5]",47,3742,19,260,Diversifier
1,0.81,20,"[11, 10]",38,3432,20,260,Diversifier
1,0.76,21,[1],30,460,21,260,Diversifier
1,0.73,22,[10],18,103,25,260,Monopolist
1,0.85,23,"[15, 3]",42,3721,23,260,Diversifier
1,0.66,24,[7],15,286,11,260,Monopolist
1,0.71,25,"[10, 8]",42,3047,25,260,Monopolist
1,0.66,26,"[4, 5]",26,1815,26,260,Diversifier
1,0.63,27,"[4, 17]",20,390,38,260,Monopolist
1,0.65,28,"[9, 13]",31,169,3,260,Monopolist
1,0.73,29,"[11, 17]",26,1922,29,260,Diversifier
1,0.7,30,"[7, 18]",56,3871,30,260,Monopolist
1,0.6,31,"[12, 17]",41,4055,31,260,Diversifier
1,0.77,32,"[2, 20]",49,1945,32,260,Diversifier
1,0.82,33,[16],13,1063,33,260,Monopolist
1,0.69,34,"[2, 9]",37,525,19,260,Diversifier
1,0.76,35,[20],24,312,35,260,Monopolist
1,0.77,36,"[14, 11]",22,409,38,260,Monopolist
1,0.6,37,[15],27,1981,37,260,Monopolist
1,0.78,38,"[4, 14]",32,1956,38,260,Monopolist
1,0.73,39,"[17, 3]",38,2396,39,260,Monopolist
1,0.76,40,[20],18,673,35,260,Monopolist
1,0.85,41,"[3, 11]",32,2274,41,260,Diversifier
1,0.89,42,[4],22,560,42,260,Monopolist
1,0.76,43,"[6, 20]",38,616,15,260,Diversifier
1,0.88,44,"[16, 15]",33,2764,44,260,Monopolist
1,0.8,45,[13],18,262,9,260,Monopolist
1,0.72,46,[8],57,808,46,260,Monopolist
1,0.73,47,"[17, 9]",36,1583,47,260,Monopolist
1,0.79,48,[14],30,586,1,260,Monopolist
1,0.78,49,"[2, 7]",37,446,30,260,Monopolist
1,0.76,0,[17],12,185,47,270,Diversifier
1,0.62,1,[14],22,832,1,270,Monopolist
1,0.71,2,"[12, 16]",25,1000,19,270,Diversifier
1,0.76,3,"[19, 13]",34,472,3,270,Monopolist
1,0.79,4,[5],23,1850,4,270,Monopolist
1,0.82,5,"[18, 5]",39,1964,5,270,Monopolist
1,0.72,6,"[16, 4]",31,1681,6,270,Monopolist
1,0.9,7,"[1, 18]",42,880,7,270,Diversifier
1,0.88,8,[11],23,1827,8,270,Diversifier
1,0.72,9,"[11, 13]",27,977,9,270,Monopolist
1,0.87,10,"[16, 11]",37,2965,10,270,Diversifier
1,0.65,11,"[12, 7]",47,6184,11,270,Monopolist
1,0.67,12,[17],18,640,12,270,Diversifier
1,0.81,13,[19],37,390,23,270,Monopolist
1,0.9,14,[1],37,565,14,270,Monopolist
1,0.65,15,"[6, 2]",41,1136,31,270,Monopolist
1,0.86,16,[14],10,650,16,270,Monopolist
1,0.88,17,[16],9,253,44,270,Monopolist
1,0.68,18,[13],27,172,9,270,Monopolist
1,0.6,19,"[9, 5]",47,3742,19,270,Diversifier
1,0.81,20,"[11, 10]",38,3432,20,270,Diversifier
1,0.76,21,[1],30,460,21,270,Diversifier
1,0.73,22,[10],18,103,25,270,Monopolist
1,0.85,23,"[15, 3]",42,3721,23,270,Diversifier
1,0.66,24,[7],15,286,11,270,Monopolist
1,0.71,25,"[10, 8]",42,3047,25,270,Monopolist
1,0.66,26,"[4, 5]",26,1815,26,270,Diversifier
1,0.63,27,"[4, 17]",20,390,38,270,Monopolist
1,0.65,28,"[9, 13]",31,169,3,270,Monopolist
1,0.73,29,"[11, 17]",26,1922,29,270,Diversifier
1,0.7,30,"[7, 18]",56,3871,30,270,Monopolist
1,0.6,31,"[12, 17]",41,4055,31,270,Diversifier
1,0.77,32,"[2, 20]",49,1945,32,270,Diversifier
1,0.82,33,[16],13,1063,33,270,Monopolist
1,0.69,34,"[2, 9]",37,525,19,270,Diversifier
1,0.76,35,[20],24,312,35,270,Monopolist
1,0.77,36,"[14, 11]",22,409,38,270,Monopolist
1,0.6,37,[15],27,1981,37,270,Monopolist
1,0.78,38,"[4, 14]",33,2020,38,270,Monopolist
1,0.73,39,"[17, 3]",38,2396,39,270,Monopolist
1,0.76,40,[20],18,673,35,270,Monopolist
1,0.85,41,"[3, 11]",32,2274,41,270,Diversifier
1,0.89,42,[4],22,560,42,270,Monopolist
1,0.76,43,"[6, 20]",38,616,15,270,Diversifier
1,0.88,44,"[16, 15]",33,2764,44,270,Monopolist
1,0.8,45,[13],18,262,9,270,Monopolist
1,0.72,46,[8],57,808,46,270,Monopolist
1,0.73,47,"[17, 9]",36,1583,47,270,Monopolist
1,0.79,48,[14],30,586,1,270,Monopolist
1,0.78,49,"[2, 7]",37,446,30,270,Monopolist
1,0.76,0,[17],13,185,47,280,Diversifier
1,0.62,1,[14],22,832,1,280,Monopolist
1,0.71,2,"[12, 16]",25,1000,19,280,Diversifier
1,0.76,3,"[19, 13]",35,490,3,280,Monopolist
1,0.79,4,[5],23,1850,4,280,Monopolist
1,0.82,5,"[18, 5]",39,1964,5,280,Monopolist
1,0.72,6,"[16, 4]",32,1706,6,280,Monopolist
1,0.9,7,"[1, 18]",42,880,7,280,Diversifier
1,0.88,8,[11],23,1827,8,280,Diversifier
1,0.72,9,"[11, 13]",27,977,9,280,Monopolist
1,0.87,10,"[16, 11]",38,3044,10,280,Diversifier
1,0.65,11,"[12, 7]",48,6332,11,280,Monopolist
1,0.67,12,[17],18,640,12,280,Diversifier
1,0.81,13,[19],37,390,23,280,Monopolist
1,0.9,14,[1],37,565,14,280,Monopolist
1,0.65,15,"[6, 2]",42,1136,31,280,Monopolist
1,0.86,16,[14],10,650,16,280,Monopolist
1,0.88,17,[16],9,253,44,280,Monopolist
1,0.68,18,[13],27,172,9,280,Monopolist
1,0.6,19,"[9, 5]",48,3836,19,280,Diversifier
1,0.81,20,"[11, 10]",38,3432,20,280,Diversifier
1,0.76,21,[1],31,475,21,280,Diversifier
1,0.73,22,[10],18,103,25,280,Monopolist
1,0.85,23,"[15, 3]",43,3836,23,280,Diversifier
1,0.66,24,[7],15,286,11,280,Monopolist
1,0.71,25,"[10, 8]",42,3047,25,280,Monopolist
1,0.66,26,"[4, 5]",27,1895,26,280,Diversifier
1,0.63,27,"[4, 17]",21,390,38,280,Monopolist
1,0.65,28,"[9, 13]",32,169,3,280,Monopolist
1,0.73,29,"[11, 17]",26,1922,29,280,Diversifier
1,0.7,30,"[7, 18]",56,3911,30,280,Monopolist
1,0.6,31,"[12, 17]",41,4130,31,280,Diversifier
1,0.77,32,"[2, 20]",49,1945,32,280,Diversifier
1,0.82,33,[16],13,1063,33,280,Monopolist
1,0.69,34,"[2, 9]",38,525,19,280,Diversifier
1,0.76,35,[20],24,351,35,280,Monopolist
1,0.77,36,"[14, 11]",22,409,38,280,Monopolist
1,0.6,37,[15],27,1981,37,280,Monopolist
1,0.78,38,"[4, 14]",33,2045,38,280,Monopolist
1,0.73,39,"[17, 3]",38,2396,39,280,Monopolist
1,0.76,40,[20],19,673,35,280,Monopolist
1,0.85,41,"[3, 11]",32,2274,41,280,Diversifier
1,0.89,42,[4],22,560,42,280,Monopolist
1,0.76,43,"[6, 20]",38,616,15,280,Diversifier
1,0.88,44,"[16, 15]",33,2764,44,280,Monopolist
1,0.8,45,[13],18,262,9,280,Monopolist
1,0.72,46,[8],58,822,46,280,Monopolist
1,0.73,47,"[17, 9]",36,1618,47,280,Monopolist
1,0.79,48,[14],31,586,1,280,Monopolist
1,0.78,49,"[2, 7]",38,446,30,280,Monopolist
1,0.76,0,[17],13,185,47,290,Diversifier
1,0.62,1,[14],22,832,1,290,Monopolist
1,0.71,2,"[12, 16]",25,1000,19,290,Diversifier
1,0.76,3,"[19, 13]",35,490,3,290,Monopolist
1,0.79,4,[5],23,1850,4,290,Monopolist
1,0.82,5,"[18, 5]",39,1964,5,290,Monopolist
1,0.72,6,"[16, 4]",32,1706,6,290,Monopolist
1,0.9,7,"[1, 18]",42,880,7,290,Diversifier
1,0.88,8,[11],23,1827,8,290,Diversifier
1,0.72,9,"[11, 13]",27,977,9,290,Monopolist
1,0.87,10,"[16, 11]",38,3044,10,290,Diversifier
1,0.65,11,"[12, 7]",48,6332,11,290,Monopolist
1,0.67,12,[17],18,640,12,290,Diversifier
1,0.81,13,[19],37,390,23,290,Monopolist
1,0.9,14,[1],38,580,14,290,Monopolist
1,0.65,15,"[6, 2]",42,1136,31,290,Monopolist
1,0.86,16,[14],10,650,16,290,Monopolist
1,0.88,17,[16],9,253,44,290,Monopolist
1,0.68,18,[13],27,172,9,290,Monopolist
1,0.6,19,"[9, 5]",48,3836,19,290,Diversifier
1,0.81,20,"[11, 10]",38,3432,20,290,Diversifier
1,0.76,21,[1],31,475,21,290,Diversifier
1,0.73,22,[10],18,103,25,290,Monopolist
1,0.85,23,"[15, 3]",43,3836,23,290,Diversifier
1,0.66,24,[7],15,286,11,290,Monopolist
1,0.71,25,"[10, 8]",43,3061,25,290,Monopolist
1,0.66,26,"[4, 5]",27,1895,26,290,Diversifier
1,0.63,27,"[4, 17]",21,390,38,290,Monopolist
1,0.65,28,"[9, 13]",32,169,3,290,Monopolist
1,0.73,29,"[11, 17]",26,1922,29,290,Diversifier
1,0.7,30,"[7, 18]",56,3911,30,290,Monopolist
1,0.6,31,"[12, 17]",41,4130,31,290,Diversifier
1,0.77,32,"[2, 20]",49,1945,32,290,Diversifier
1,0.82,33,[16],13,1063,33,290,Monopolist
1,0.69,34,"[2, 9]",38,525,19,290,Diversifier
1,0.76,35,[20],24,351,35,290,Monopolist
1,0.77,36,"[14, 11]",22,409,38,290,Monopolist
1,0.6,37,[15],27,1981,37,290,Monopolist
1,0.78,38,"[4, 14]",33,2045,38,290,Monopolist
1,0.73,39,"[17, 3]",38,2396,39,290,Monopolist
1,0.76,40,[20],19,673,35,290,Monopolist
1,0.85,41,"[3, 11]",32,2274,41,290,Diversifier
1,0.89,42,[4],22,560,42,290,Monopolist
1,0.76,43,"[6, 20]",38,616,15,290,Diversifier
1,0.88,44,"[16, 15]",33,2764,44,290,Monopolist
1,0.8,45,[13],18,262,9,290,Monopolist
1,0.72,46,[8],58,822,46,290,Monopolist
1,0.73,47,"[17, 9]",36,1618,47,290,Monopolist
1,0.79,48,[14],31,586,1,290,Monopolist
1,0.78,49,"[2, 7]",38,446,30,290,Monopolist
1,0.76,0,[17],13,185,47,300,Diversifier
1,0.62,1,[14],22,832,1,300,Monopolist
1,0.71,2,"[12, 16]",25,1000,19,300,Diversifier
1,0.76,3,"[19, 13]",36,508,3,300,Monopolist
1,0.79,4,[5],23,1850,4,300,Monopolist
1,0.82,5,"[18, 5]",39,1964,5,300,Monopolist
1,0.72,6,"[16, 4]",33,1731,6,300,Monopolist
1,0.9,7,"[1, 18]",43,895,7,300,Diversifier
1,0.88,8,[11],24,1906,8,300,Diversifier
1,0.72,9,"[11, 13]",27,977,9,300,Monopolist
1,0.87,10,"[16, 11]",38,3044,10,300,Diversifier
1,0.65,11,"[12, 7]",48,6332,11,300,Monopolist
1,0.67,12,[17],18,640,12,300,Diversifier
1,0.81,13,[19],37,390,23,300,Monopolist
1,0.9,14,[1],38,580,14,300,Monopolist
1,0.65,15,"[6, 2]",42,1136,31,300,Monopolist
1,0.86,16,[14],10,650,16,300,Monopolist
1,0.88,17,[16],9,253,44,300,Monopolist
1,0.68,18,[13],27,172,9,300,Monopolist
1,0.6,19,"[9, 5]",49,3916,19,300,Diversifier
1,0.81,20,"[11, 10]",38,3432,20,300,Diversifier
1,0.76,21,[1],31,475,21,300,Diversifier
1,0.73,22,[10],18,103,25,300,Monopolist
1,0.85,23,"[15, 3]",43,3836,23,300,Diversifier
1,0.66,24,[7],15,286,11,300,Monopolist
1,0.71,25,"[10, 8]",43,3061,25,300,Monopolist
1,0.66,26,"[4, 5]",28,1975,26,300,Diversifier
1,0.63,27,"[4, 17]",21,390,38,300,Monopolist
1,0.65,28,"[9, 13]",32,169,3,300,Monopolist
1,0.73,29,"[11, 17]",26,1922,29,300,Diversifier
1,0.7,30,"[7, 18]",56,3911,30,300,Monopolist
1,0.6,31,"[12, 17]",41,4130,31,300,Diversifier
1,0.77,32,"[2, 20]",49,1945,32,300,Diversifier
1,0.82,33,[16],13,1063,33,300,Monopolist
1,0.69,34,"[2, 9]",38,525,19,300,Diversifier
1,0.76,35,[20],24,351,35,300,Monopolist
1,0.77,36,"[14, 11]",22,409,38,300,Monopolist
1,0.6,37,[15],27,1981,37,300,Monopolist
1,0.78,38,"[4, 14]",33,2045,38,300,Monopolist
1,0.73,39,"[17, 3]",38,2396,39,300,Monopolist
1,0.76,40,[20],19,673,35,300,Monopolist
1,0.85,41,"[3, 11]",32,2274,41,300,Diversifier
1,0.89,42,[4],22,560,42,300,Monopolist
1,0.76,43,"[6, 20]",38,616,15,300,Diversifier
1,0.88,44,"[16, 15]",34,2845,44,300,Monopolist
1,0.8,45,[13],18,262,9,300,Monopolist
1,0.72,46,[8],58,822,46,300,Monopolist
1,0.73,47,"[17, 9]",36,1618,47,300,Monopolist
1,0.79,48,[14],31,586,1,300,Monopolist
1,0.78,49,"[2, 7]",38,446,30,300,Monopolist
1,0.76,0,[17],13,185,47,310,Diversifier
1,0.62,1,[14],22,832,1,310,Monopolist
1,0.71,2,"[12, 16]",25,1000,19,310,Diversifier
1,0.76,3,"[19, 13]",36,508,3,310,Monopolist
1,0.79,4,[5],24,1930,4,310,Monopolist
1,0.82,5,"[18, 5]",39,1964,5,310,Monopolist
1,0.72,6,"[16, 4]",33,1731,6,310,Monopolist
1,0.9,7,"[1, 18]",43,895,7,310,Diversifier
1,0.88,8,[11],24,1906,8,310,Diversifier
1,0.72,9,"[11, 13]",27,977,9,310,Monopolist
1,0.87,10,"[16, 11]",38,3044,10,310,Diversifier
1,0.65,11,"[12, 7]",48,6332,11,310,Monopolist
1,0.67,12,[17],18,640,12,310,Diversifier
1,0.81,13,[19],37,390,23,310,Monopolist
1,0.9,14,[1],38,580,14,310,Monopolist
1,0.65,15,"[6, 2]",43,1136,31,310,Monopolist
1,0.86,16,[14],10,650,16,310,Monopolist
1,0.88,17,[16],9,253,44,310,Monopolist
1,0.68,18,[13],27,172,9,310,Monopolist
1,0.6,19,"[9, 5]",49,3916,19,310,Diversifier
1,0.81,20,"[11, 10]",39,3525,20,310,Diversifier
1,0.76,21,[1],31,475,21,310,Diversifier
1,0.73,22,[10],18,103,25,310,Monopolist
1,0.85,23,"[15, 3]",43,3836,23,310,Diversifier
1,0.66,24,[7],15,286,11,310,Monopolist
1,0.71,25,"[10, 8]",43,3061,25,310,Monopolist
1,0.66,26,"[4, 5]",28,1975,26,310,Diversifier
1,0.63,27,"[4, 17]",21,390,38,310,Monopolist
1,0.65,28,"[9, 13]",32,169,3,310,Monopolist
1,0.73,29,"[11, 17]",26,1922,29,310,Diversifier
1,0.7,30,"[7, 18]",57,4003,30,310,Monopolist
1,0.6,31,"[12, 17]",42,4315,31,310,Diversifier
1,0.77,32,"[2, 20]",49,1945,32,310,Diversifier
1,0.82,33,[16],13,1063,33,310,Monopolist
1,0.69,34,"[2, 9]",38,525,19,310,Diversifier
1,0.76,35,[20],24,351,35,310,Monopolist
1,0.77,36,"[14, 11]",22,409,38,310,Monopolist
1,0.6,37,[15],27,1981,37,310,Monopolist
1,0.78,38,"[4, 14]",34,2109,38,310,Monopolist
1,0.73,39,"[17, 3]",38,2396,39,310,Monopolist
1,0.76,40,[20],19,673,35,310,Monopolist
1,0.85,41,"[3, 11]",32,2274,41,310,Diversifier
1,0.89,42,[4],23,585,42,310,Monopolist
1,0.76,43,"[6, 20]",39,616,15,310,Diversifier
1,0.88,44,"[16, 15]",34,2845,44,310,Monopolist
1,0.8,45,[13],18,262,9,310,Monopolist
1,0.72,46,[8],58,822,46,310,Monopolist
1,0.73,47,"[17, 9]",36,1618,47,310,Monopolist
1,0.79,48,[14],31,586,1,310,Monopolist
1,0.78,49,"[2, 7]",38,446,30,310,Monopolist
1,0.76,0,[17],13,185,47,320,Diversifier
1,0.62,1,[14],22,832,1,320,Monopolist
1,0.71,2,"[12, 16]",25,1000,19,320,Diversifier
1,0.76,3,"[19, 13]",36,508,3,320,Monopolist
1,0.79,4,[5],24,1930,4,320,Monopolist
1,0.82,5,"[18, 5]",39,1964,5,320,Monopolist
1,0.72,6,"[16, 4]",34,1756,6,320,Monopolist
1,0.9,7,"[1, 18]",43,895,7,320,Diversifier
1,0.88,8,[11],24,1906,8,320,Diversifier
1,0.72,9,"[11, 13]",27,977,9,320,Monopolist
1,0.87,10,"[16, 11]",38,3044,10,320,Diversifier
1,0.65,11,"[12, 7]",48,6332,11,320,Monopolist
1,0.67,12,[17],18,640,12,320,Diversifier
1,0.81,13,[19],37,390,23,320,Monopolist
1,0.9,14,[1],38,580,14,320,Monopolist
1,0.65,15,"[6, 2]",43,1136,31,320,Monopolist
1,0.86,16,[14],10,650,16,320,Monopolist
1,0.88,17,[16],9,253,44,320,Monopolist
1,0.68,18,[13],27,172,9,320,Monopolist
1,0.6,19,"[9, 5]",49,3916,19,320,Diversifier
1,0.81,20,"[11, 10]",39,3525,20,320,Diversifier
1,0.76,21,[1],31,475,21,320,Diversifier
1,0.73,22,[10],18,103,25,320,Monopolist
1,0.85,23,"[15, 3]",43,3836,23,320,Diversifier
1,0.66,24,[7],15,286,11,320,Monopolist
1,0.71,25,"[10, 8]",43,3061,25,320,Monopolist
1,0.66,26,"[4, 5]",28,1975,26,320,Diversifier
1,0.63,27,"[4, 17]",21,390,38,320,Monopolist
1,0.65,28,"[9, 13]",32,169,3,320,Monopolist
1,0.73,29,"[11, 17]",26,1922,29,320,Diversifier
1,0.7,30,"[7, 18]",57,4003,30,320,Monopolist
1,0.6,31,"[12, 17]",42,4315,31,320,Diversifier
1,0.77,32,"[2, 20]",50,1985,32,320,Diversifier
1,0.82,33,[16],13,1063,33,320,Monopolist
1,0.69,34,"[2, 9]",38,525,19,320,Diversifier
1,0.76,35,[20],24,351,35,320,Monopolist
1,0.77,36,"[14, 11]",22,409,38,320,Monopolist
1,0.6,37,[15],27,1981,37,320,Monopolist
1,0.78,38,"[4, 14]",34,2109,38,320,Monopolist
1,0.73,39,"[17, 3]",38,2396,39,320,Monopolist
1,0.76,40,[20],19,673,35,320,Monopolist
1,0.85,41,"[3, 11]",32,2274,41,320,Diversifier
1,0.89,42,[4],23,585,42,320,Monopolist
1,0.76,43,"[6, 20]",39,616,15,320,Diversifier
1,0.88,44,"[16, 15]",34,2845,44,320,Monopolist
1,0.8,45,[13],18,262,9,320,Monopolist
1,0.72,46,[8],58,822,46,320,Monopolist
1,0.73,47,"[17, 9]",36,1618,47,320,Monopolist
1,0.79,48,[14],31,586,1,320,Monopolist
1,0.78,49,"[2, 7]",38,446,30,320,Monopolist
1,0.76,0,[17],13,185,47,330,Diversifier
1,0.62,1,[14],22,832,1,330,Monopolist
1,0.71,2,"[12, 16]",25,1000,19,330,Diversifier
1,0.76,3,"[19, 13]",36,508,3,330,Monopolist
1,0.79,4,[5],24,1930,4,330,Monopolist
1,0.82,5,"[18, 5]",39,1964,5,330,Monopolist
1,0.72,6,"[16, 4]",34,1756,6,330,Monopolist
1,0.9,7,"[1, 18]",43,895,7,330,Diversifier
1,0.88,8,[11],24,1906,8,330,Diversifier
1,0.72,9,"[11, 13]",27,977,9,330,Monopolist
1,0.87,10,"[16, 11]",38,3044,10,330,Diversifier
1,0.65,11,"[12, 7]",48,6332,11,330,Monopolist
1,0.67,12,[17],18,640,12,330,Diversifier
1,0.81,13,[19],37,390,23,330,Monopolist
1,0.9,14,[1],38,580,14,330,Monopolist
1,0.65,15,"[6, 2]",43,1136,31,330,Monopolist
1,0.86,16,[14],10,650,16,330,Monopolist
1,0.88,17,[16],9,253,44,330,Monopolist
1,0.68,18,[13],27,172,9,330,Monopolist
1,0.6,19,"[9, 5]",49,3916,19,330,Diversifier
1,0.81,20,"[11, 10]",39,3525,20,330,Diversifier
1,0.76,21,[1],31,475,21,330,Diversifier
1,0.73,22,[10],18,103,25,330,Monopolist
1,0.85,23,"[15, 3]",43,3836,23,330,Diversifier
1,0.66,24,[7],15,286,11,330,Monopolist
1,0.71,25,"[10, 8]",43,3061,25,330,Monopolist
1,0.66,26,"[4, 5]",28,1975,26,330,Diversifier
1,0.63,27,"[4, 17]",21,390,38,330,Monopolist
1,0.65,28,"[9, 13]",32,169,3,330,Monopolist
1,0.73,29,"[11, 17]",26,1922,29,330,Diversifier
1,0.7,30,"[7, 18]",57,4003,30,330,Monopolist
1,0.6,31,"[12, 17]",42,4315,31,330,Diversifier
1,0.77,32,"[2, 20]",50,1985,32,330,Diversifier
1,0.82,33,[16],13,1063,33,330,Monopolist
1,0.69,34,"[2, 9]",38,525,19,330,Diversifier
1,0.76,35,[20],24,351,35,330,Monopolist
1,0.77,36,"[14, 11]",22,409,38,330,Monopolist
1,0.6,37,[15],27,1981,37,330,Monopolist
1,0.78,38,"[4, 14]",34,2109,38,330,Monopolist
1,0.73,39,"[17, 3]",38,2396,39,330,Monopolist
1,0.76,40,[20],19,673,35,330,Monopolist
1,0.85,41,"[3, 11]",32,2274,41,330,Diversifier
1,0.89,42,[4],23,585,42,330,Monopolist
1,0.76,43,"[6, 20]",39,616,15,330,Diversifier
1,0.88,44,"[16, 15]",34,2845,44,330,Monopolist
1,0.8,45,[13],18,262,9,330,Monopolist
1,0.72,46,[8],58,822,46,330,Monopolist
1,0.73,47,"[17, 9]",36,1618,47,330,Monopolist
1,0.79,48,[14],31,586,1,330,Monopolist
1,0.78,49,"[2, 7]",38,446,30,330,Monopolist
1,0.76,0,[17],13,185,47,340,Diversifier
1,0.62,1,[14],22,832,1,340,Monopolist
1,0.71,2,"[12, 16]",25,1000,19,340,Diversifier
1,0.76,3,"[19, 13]",36,508,3,340,Monopolist
1,0.79,4,[5],24,1930,4,340,Monopolist
1,0.82,5,"[18, 5]",39,1964,5,340,Monopolist
1,0.72,6,"[16, 4]",34,1756,6,340,Monopolist
1,0.9,7,"[1, 18]",43,895,7,340,Diversifier
1,0.88,8,[11],24,1906,8,340,Diversifier
1,0.72,9,"[11, 13]",27,977,9,340,Monopolist
1,0.87,10,"[16, 11]",38,3044,10,340,Diversifier
1,0.65,11,"[12, 7]",48,6332,11,340,Monopolist
1,0.67,12,[17],18,640,12,340,Diversifier
1,0.81,13,[19],37,390,23,340,Monopolist
1,0.9,14,[1],38,580,14,340,Monopolist
1,0.65,15,"[6, 2]",43,1136,31,340,Monopolist
1,0.86,16,[14],10,650,16,340,Monopolist
1,0.88,17,[16],9,253,44,340,Monopolist
1,0.68,18,[13],27,172,9,340,Monopolist
1,0.6,19,"[9, 5]",49,3916,19,340,Diversifier
1,0.81,20,"[11, 10]",39,3525,20,340,Diversifier
1,0.76,21,[1],31,475,21,340,Diversifier
1,0.73,22,[10],19,103,25,340,Monopolist
1,0.85,23,"[15, 3]",43,3836,23,340,Diversifier
1,0.66,24,[7],15,286,11,340,Monopolist
1,0.71,25,"[10, 8]",43,3154,25,340,Monopolist
1,0.66,26,"[4, 5]",28,1975,26,340,Diversifier
1,0.63,27,"[4, 17]",21,390,38,340,Monopolist
1,0.65,28,"[9, 13]",32,169,3,340,Monopolist
1,0.73,29,"[11, 17]",26,1922,29,340,Diversifier
1,0.7,30,"[7, 18]",57,4003,30,340,Monopolist
1,0.6,31,"[12, 17]",42,4315,31,340,Diversifier
1,0.77,32,"[2, 20]",50,1985,32,340,Diversifier
1,0.82,33,[16],13,1063,33,340,Monopolist
1,0.69,34,"[2, 9]",38,525,19,340,Diversifier
1,0.76,35,[20],24,351,35,340,Monopolist
1,0.77,36,"[14, 11]",22,409,38,340,Monopolist
1,0.6,37,[15],27,1981,37,340,Monopolist
1,0.78,38,"[4, 14]",34,2109,38,340,Monopolist
1,0.73,39,"[17, 3]",38,2396,39,340,Monopolist
1,0.76,40,[20],19,673,35,340,Monopolist
1,0.85,41,"[3, 11]",32,2274,41,340,Diversifier
1,0.89,42,[4],24,610,42,340,Monopolist
1,0.76,43,"[6, 20]",39,616,15,340,Diversifier
1,0.88,44,"[16, 15]",34,2845,44,340,Monopolist
1,0.8,45,[13],18,262,9,340,Monopolist
1,0.72,46,[8],58,822,46,340,Monopolist
1,0.73,47,"[17, 9]",36,1618,47,340,Monopolist
1,0.79,48,[14],31,586,1,340,Monopolist
1,0.78,49,"[2, 7]",38,446,30,340,Monopolist
1,0.76,0,[17],13,185,47,350,Diversifier
1,0.62,1,[14],22,832,1,350,Monopolist
1,0.71,2,"[12, 16]",25,1000,19,350,Diversifier
1,0.76,3,"[19, 13]",36,508,3,350,Monopolist
1,0.79,4,[5],24,1930,4,350,Monopolist
1,0.82,5,"[18, 5]",39,1964,5,350,Monopolist
1,0.72,6,"[16, 4]",34,1756,6,350,Monopolist
1,0.9,7,"[1, 18]",43,895,7,350,Diversifier
1,0.88,8,[11],24,1906,8,350,Diversifier
1,0.72,9,"[11, 13]",27,977,9,350,Monopolist
1,0.87,10,"[16, 11]",39,3125,10,350,Diversifier
1,0.65,11,"[12, 7]",48,6332,11,350,Monopolist
1,0.67,12,[17],18,640,12,350,Diversifier
1,0.81,13,[19],37,390,23,350,Monopolist
1,0.9,14,[1],38,580,14,350,Monopolist
1,0.65,15,"[6, 2]",43,1136,31,350,Monopolist
1,0.86,16,[14],10,650,16,350,Monopolist
1,0.88,17,[16],9,253,44,350,Monopolist
1,0.68,18,[13],27,172,9,350,Monopolist
1,0.6,19,"[9, 5]",49,3916,19,350,Diversifier
1,0.81,20,"[11, 10]",39,3525,20,350,Diversifier
1,0.76,21,[1],31,475,21,350,Diversifier
1,0.73,22,[10],19,103,25,350,Monopolist
1,0.85,23,"[15, 3]",43,3836,23,350,Diversifier
1,0.66,24,[7],15,286,11,350,Monopolist
1,0.71,25,"[10, 8]",43,3154,25,350,Monopolist
1,0.66,26,"[4, 5]",28,1975,26,350,Diversifier
1,0.63,27,"[4, 17]",21,390,38,350,Monopolist
1,0.65,28,"[9, 13]",32,169,3,350,Monopolist
1,0.73,29,"[11, 17]",26,1922,29,350,Diversifier
1,0.7,30,"[7, 18]",57,4003,30,350,Monopolist
1,0.6,31,"[12, 17]",42,4315,31,350,Diversifier
1,0.77,32,"[2, 20]",50,1985,32,350,Diversifier
1,0.82,33,[16],13,1063,33,350,Monopolist
1,0.69,34,"[2, 9]",38,525,19,350,Diversifier
1,0.76,35,[20],24,351,35,350,Monopolist
1,0.77,36,"[14, 11]",22,409,38,350,Monopolist
1,0.6,37,[15],27,1981,37,350,Monopolist
1,0.78,38,"[4, 14]",34,2109,38,350,Monopolist
1,0.73,39,"[17, 3]",38,2396,39,350,Monopolist
1,0.76,40,[20],19,673,35,350,Monopolist
1,0.85,41,"[3, 11]",32,2274,41,350,Diversifier
1,0.89,42,[4],24,610,42,350,Monopolist
1,0.76,43,"[6, 20]",39,616,15,350,Diversifier
1,0.88,44,"[16, 15]",34,2845,44,350,Monopolist
1,0.8,45,[13],18,262,9,350,Monopolist
1,0.72,46,[8],58,822,46,350,Monopolist
1,0.73,47,"[17, 9]",36,1618,47,350,Monopolist
1,0.79,48,[14],31,586,1,350,Monopolist
1,0.78,49,"[2, 7]",38,446,30,350,Monopolist
1,0.76,0,[17],13,185,47,360,Diversifier
1,0.62,1,[14],22,832,1,360,Monopolist
1,0.71,2,"[12, 16]",25,1000,19,360,Diversifier
1,0.76,3,"[19, 13]",36,508,3,360,Monopolist
1,0.79,4,[5],24,1930,4,360,Monopolist
1,0.82,5,"[18, 5]",39,1964,5,360,Monopolist
1,0.72,6,"[16, 4]",34,1756,6,360,Monopolist
1,0.9,7,"[1, 18]",43,895,7,360,Diversifier
1,0.88,8,[11],24,1906,8,360,Diversifier
1,0.72,9,"[11, 13]",27,977,9,360,Monopolist
1,0.87,10,"[16, 11]",39,3125,10,360,Diversifier
1,0.65,11,"[12, 7]",48,6332,11,360,Monopolist
1,0.67,12,[17],18,640,12,360,Diversifier
1,0.81,13,[19],37,390,23,360,Monopolist
1,0.9,14,[1],38,580,14,360,Monopolist
1,0.65,15,"[6, 2]",43,1136,31,360,Monopolist
1,0.86,16,[14],10,650,16,360,Monopolist
1,0.88,17,[16],9,253,44,360,Monopolist
1,0.68,18,[13],27,172,9,360,Monopolist
1,0.6,19,"[9, 5]",49,3916,19,360,Diversifier
1,0.81,20,"[11, 10]",39,3525,20,360,Diversifier
1,0.76,21,[1],31,475,21,360,Diversifier
1,0.73,22,[10],19,103,25,360,Monopolist
1,0.85,23,"[15, 3]",43,3836,23,360,Diversifier
1,0.66,24,[7],15,286,11,360,Monopolist
1,0.71,25,"[10, 8]",43,3154,25,360,Monopolist
1,0.66,26,"[4, 5]",28,1975,26,360,Diversifier
1,0.63,27,"[4, 17]",21,390,38,360,Monopolist
1,0.65,28,"[9, 13]",32,169,3,360,Monopolist
1,0.73,29,"[11, 17]",26,1922,29,360,Diversifier
1,0.7,30,"[7, 18]",57,4003,30,360,Monopolist
1,0.6,31,"[12, 17]",42,4315,31,360,Diversifier
1,0.77,32,"[2, 20]",50,1985,32,360,Diversifier
1,0.82,33,[16],13,1063,33,360,Monopolist
1,0.69,34,"[2, 9]",38,525,19,360,Diversifier
1,0.76,35,[20],24,351,35,360,Monopolist
1,0.77,36,"[14, 11]",22,409,38,360,Monopolist
1,0.6,37,[15],27,1981,37,360,Monopolist
1,0.78,38,"[4, 14]",34,2109,38,360,Monopolist
1,0.73,39,"[17, 3]",38,2396,39,360,Monopolist
1,0.76,40,[20],19,673,35,360,Monopolist
1,0.85,41,"[3, 11]",32,2274,41,360,Diversifier
1,0.89,42,[4],24,610,42,360,Monopolist
1,0.76,43,"[6, 20]",39,616,15,360,Diversifier
1,0.88,44,"[16, 15]",34,2845,44,360,Monopolist
1,0.8,45,[13],18,262,9,360,Monopolist
1,0.72,46,[8],58,822,46,360,Monopolist
1,0.73,47,"[17, 9]",36,1618,47,360,Monopolist
1,0.79,48,[14],31,586,1,360,Monopolist
1,0.78,49,"[2, 7]",38,446,30,360,Monopolist
1,0.76,0,[17],13,185,47,370,Diversifier
1,0.62,1,[14],22,832,1,370,Monopolist
1,0.71,2,"[12, 16]",25,1000,19,370,Diversifier
1,0.76,3,"[19, 13]",36,508,3,370,Monopolist
1,0.79,4,[5],24,1930,4,370,Monopolist
1,0.82,5,"[18, 5]",39,1964,5,370,Monopolist
1,0.72,6,"[16, 4]",34,1756,6,370,Monopolist
1,0.9,7,"[1, 18]",43,895,7,370,Diversifier
1,0.88,8,[11],24,1906,8,370,Diversifier
1,0.72,9,"[11, 13]",27,977,9,370,Monopolist
1,0.87,10,"[16, 11]",39,3125,10,370,Diversifier
1,0.65,11,"[12, 7]",48,6332,11,370,Monopolist
1,0.67,12,[17],18,640,12,370,Diversifier
1,0.81,13,[19],37,390,23,370,Monopolist
1,0.9,14,[1],38,580,14,370,Monopolist
1,0.65,15,"[6, 2]",43,1136,31,370,Monopolist
1,0.86,16,[14],10,650,16,370,Monopolist
1,0.88,17,[16],9,253,44,370,Monopolist
1,0.68,18,[13],27,172,9,370,Monopolist
1,0.6,19,"[9, 5]",49,3916,19,370,Diversifier
1,0.81,20,"[11, 10]",39,3525,20,370,Diversifier
1,0.76,21,[1],31,475,21,370,Diversifier
1,0.73,22,[10],19,103,25,370,Monopolist
1,0.85,23,"[15, 3]",43,3836,23,370,Diversifier
1,0.66,24,[7],15,286,11,370,Monopolist
1,0.71,25,"[10, 8]",43,3154,25,370,Monopolist
1,0.66,26,"[4, 5]",28,1975,26,370,Diversifier
1,0.63,27,"[4, 17]",21,390,38,370,Monopolist
1,0.65,28,"[9, 13]",32,169,3,370,Monopolist
1,0.73,29,"[11, 17]",26,1922,29,370,Diversifier
1,0.7,30,"[7, 18]",57,4003,30,370,Monopolist
1,0.6,31,"[12, 17]",42,4315,31,370,Diversifier
1,0.77,32,"[2, 20]",50,1985,32,370,Diversifier
1,0.82,33,[16],13,1063,33,370,Monopolist
1,0.69,34,"[2, 9]",38,525,19,370,Diversifier
1,0.76,35,[20],24,351,35,370,Monopolist
1,0.77,36,"[14, 11]",22,409,38,370,Monopolist
1,0.6,37,[15],27,1981,37,370,Monopolist
1,0.78,38,"[4, 14]",34,2109,38,370,Monopolist
1,0.73,39,"[17, 3]",38,2396,39,370,Monopolist
1,0.76,40,[20],19,673,35,370,Monopolist
1,0.85,41,"[3, 11]",32,2274,41,370,Diversifier
1,0.89,42,[4],24,610,42,370,Monopolist
1,0.76,43,"[6, 20]",39,616,15,370,Diversifier
1,0.88,44,"[16, 15]",34,2845,44,370,Monopolist
1,0.8,45,[13],18,262,9,370,Monopolist
1,0.72,46,[8],58,822,46,370,Monopolist
1,0.73,47,"[17, 9]",36,1618,47,370,Monopolist
1,0.79,48,[14],31,586,1,370,Monopolist
1,0.78,49,"[2, 7]",38,446,30,370,Monopolist
1,0.76,0,[17],13,185,47,380,Diversifier
1,0.62,1,[14],22,832,1,380,Monopolist
1,0.71,2,"[12, 16]",25,1000,19,380,Diversifier
1,0.76,3,"[19, 13]",36,508,3,380,Monopolist
1,0.79,4,[5],24,1930,4,380,Monopolist
1,0.82,5,"[18, 5]",39,1964,5,380,Monopolist
1,0.72,6,"[16, 4]",34,1756,6,380,Monopolist
1,0.9,7,"[1, 18]",43,895,7,380,Diversifier
1,0.88,8,[11],24,1906,8,380,Diversifier
1,0.72,9,"[11, 13]",27,977,9,380,Monopolist
1,0.87,10,"[16, 11]",39,3125,10,380,Diversifier
1,0.65,11,"[12, 7]",48,6332,11,380,Monopolist
1,0.67,12,[17],18,640,12,380,Diversifier
1,0.81,13,[19],37,390,23,380,Monopolist
1,0.9,14,[1],39,595,14,380,Monopolist
1,0.65,15,"[6, 2]",43,1136,31,380,Monopolist
1,0.86,16,[14],10,650,16,380,Monopolist
1,0.88,17,[16],9,253,44,380,Monopolist
1,0.68,18,[13],27,172,9,380,Monopolist
1,0.6,19,"[9, 5]",49,3916,19,380,Diversifier
1,0.81,20,"[11, 10]",39,3525,20,380,Diversifier
1,0.76,21,[1],31,475,21,380,Diversifier
1,0.73,22,[10],19,103,25,380,Monopolist
1,0.85,23,"[15, 3]",43,3836,23,380,Diversifier
1,0.66,24,[7],15,286,11,380,Monopolist
1,0.71,25,"[10, 8]",43,3154,25,380,Monopolist
1,0.66,26,"[4, 5]",28,1975,26,380,Diversifier
1,0.63,27,"[4, 17]",21,390,38,380,Monopolist
1,0.65,28,"[9, 13]",32,169,3,380,Monopolist
1,0.73,29,"[11, 17]",26,1922,29,380,Diversifier
1,0.7,30,"[7, 18]",57,4003,30,380,Monopolist
1,0.6,31,"[12, 17]",42,4315,31,380,Diversifier
1,0.77,32,"[2, 20]",50,1985,32,380,Diversifier
1,0.82,33,[16],13,1063,33,380,Monopolist
1,0.69,34,"[2, 9]",38,525,19,380,Diversifier
1,0.76,35,[20],24,351,35,380,Monopolist
1,0.77,36,"[14, 11]",22,409,38,380,Monopolist
1,0.6,37,[15],27,1981,37,380,Monopolist
1,0.78,38,"[4, 14]",34,2109,38,380,Monopolist
1,0.73,39,"[17, 3]",39,2431,39,380,Monopolist
1,0.76,40,[20],19,673,35,380,Monopolist
1,0.85,41,"[3, 11]",32,2274,41,380,Diversifier
1,0.89,42,[4],24,610,42,380,Monopolist
1,0.76,43,"[6, 20]",39,616,15,380,Diversifier
1,0.88,44,"[16, 15]",34,2845,44,380,Monopolist
1,0.8,45,[13],18,262,9,380,Monopolist
1,0.72,46,[8],58,822,46,380,Monopolist
1,0.73,47,"[17, 9]",37,1665,47,380,Monopolist
1,0.79,48,[14],31,586,1,380,Monopolist
1,0.78,49,"[2, 7]",38,446,30,380,Monopolist
1,0.76,0,[17],13,185,47,390,Diversifier
1,0.62,1,[14],22,832,1,390,Monopolist
1,0.71,2,"[12, 16]",25,1000,19,390,Diversifier
1,0.76,3,"[19, 13]",36,508,3,390,Monopolist
1,0.79,4,[5],24,1930,4,390,Monopolist
1,0.82,5,"[18, 5]",39,1964,5,390,Monopolist
1,0.72,6,"[16, 4]",34,1756,6,390,Monopolist
1,0.9,7,"[1, 18]",43,895,7,390,Diversifier
1,0.88,8,[11],24,1906,8,390,Diversifier
1,0.72,9,"[11, 13]",27,977,9,390,Monopolist
1,0.87,10,"[16, 11]",39,3125,10,390,Diversifier
1,0.65,11,"[12, 7]",48,6332,11,390,Monopolist
1,0.67,12,[17],18,640,12,390,Diversifier
1,0.81,13,[19],37,390,23,390,Monopolist
1,0.9,14,[1],39,595,14,390,Monopolist
1,0.65,15,"[6, 2]",43,1136,31,390,Monopolist
1,0.86,16,[14],10,650,16,390,Monopolist
1,0.88,17,[16],10,253,44,390,Monopolist
1,0.68,18,[13],27,172,9,390,Monopolist
1,0.6,19,"[9, 5]",49,3916,19,390,Diversifier
1,0.81,20,"[11, 10]",39,3525,20,390,Diversifier
1,0.76,21,[1],31,475,21,390,Diversifier
1,0.73,22,[10],19,103,25,390,Monopolist
1,0.85,23,"[15, 3]",43,3836,23,390,Diversifier
1,0.66,24,[7],15,286,11,390,Monopolist
1,0.71,25,"[10, 8]",43,3154,25,390,Monopolist
1,0.66,26,"[4, 5]",28,1975,26,390,Diversifier
1,0.63,27,"[4, 17]",21,390,38,390,Monopolist
1,0.65,28,"[9, 13]",32,169,3,390,Monopolist
1,0.73,29,"[11, 17]",26,1922,29,390,Diversifier
1,0.7,30,"[7, 18]",57,4003,30,390,Monopolist
1,0.6,31,"[12, 17]",42,4315,31,390,Diversifier
1,0.77,32,"[2, 20]",50,1985,32,390,Diversifier
1,0.82,33,[16],13,1063,33,390,Monopolist
1,0.69,34,"[2, 9]",38,525,19,390,Diversifier
1,0.76,35,[20],24,351,35,390,Monopolist
1,0.77,36,"[14, 11]",22,409,38,390,Monopolist
1,0.6,37,[15],27,1981,37,390,Monopolist
1,0.78,38,"[4, 14]",34,2109,38,390,Monopolist
1,0.73,39,"[17, 3]",39,2431,39,390,Monopolist
1,0.76,40,[20],19,673,35,390,Monopolist
1,0.85,41,"[3, 11]",32,2274,41,390,Diversifier
1,0.89,42,[4],24,610,42,390,Monopolist
1,0.76,43,"[6, 20]",39,616,15,390,Diversifier
1,0.88,44,"[16, 15]",34,2926,44,390,Monopolist
1,0.8,45,[13],18,262,9,390,Monopolist
1,0.72,46,[8],58,822,46,390,Monopolist
1,0.73,47,"[17, 9]",37,1665,47,390,Monopolist
1,0.79,48,[14],31,586,1,390,Monopolist
1,0.78,49,"[2, 7]",38,446,30,390,Monopolist
1,0.76,0,[17],13,185,47,400,Diversifier
1,0.62,1,[14],22,832,1,400,Monopolist
1,0.71,2,"[12, 16]",25,1000,19,400,Diversifier
1,0.76,3,"[19, 13]",36,508,3,400,Monopolist
1,0.79,4,[5],24,1930,4,400,Monopolist
1,0.82,5,"[18, 5]",39,1964,5,400,Monopolist
1,0.72,6,"[16, 4]",34,1756,6,400,Monopolist
1,0.9,7,"[1, 18]",43,895,7,400,Diversifier
1,0.88,8,[11],24,1906,8,400,Diversifier
1,0.72,9,"[11, 13]",27,977,9,400,Monopolist
1,0.87,10,"[16, 11]",39,3125,10,400,Diversifier
1,0.65,11,"[12, 7]",48,6332,11,400,Monopolist
1,0.67,12,[17],18,640,12,400,Diversifier
1,0.81,13,[19],37,390,23,400,Monopolist
1,0.9,14,[1],39,595,14,400,Monopolist
1,0.65,15,"[6, 2]",43,1136,31,400,Monopolist
1,0.86,16,[14],10,650,16,400,Monopolist
1,0.88,17,[16],10,253,44,400,Monopolist
1,0.68,18,[13],27,172,9,400,Monopolist
1,0.6,19,"[9, 5]",49,3916,19,400,Diversifier
1,0.81,20,"[11, 10]",39,3525,20,400,Diversifier
1,0.76,21,[1],31,475,21,400,Diversifier
1,0.73,22,[10],19,103,25,400,Monopolist
1,0.85,23,"[15, 3]",43,3836,23,400,Diversifier
1,0.66,24,[7],15,286,11,400,Monopolist
1,0.71,25,"[10, 8]",43,3154,25,400,Monopolist
1,0.66,26,"[4, 5]",28,1975,26,400,Diversifier
1,0.63,27,"[4, 17]",21,390,38,400,Monopolist
1,0.65,28,"[9, 13]",32,169,3,400,Monopolist
1,0.73,29,"[11, 17]",26,1922,29,400,Diversifier
1,0.7,30,"[7, 18]",57,4003,30,400,Monopolist
1,0.6,31,"[12, 17]",42,4315,31,400,Diversifier
1,0.77,32,"[2, 20]",50,1985,32,400,Diversifier
1,0.82,33,[16],13,1063,33,400,Monopolist
1,0.69,34,"[2, 9]",38,525,19,400,Diversifier
1,0.76,35,[20],24,351,35,400,Monopolist
1,0.77,36,"[14, 11]",22,409,38,400,Monopolist
1,0.6,37,[15],27,1981,37,400,Monopolist
1,0.78,38,"[4, 14]",34,2109,38,400,Monopolist
1,0.73,39,"[17, 3]",39,2431,39,400,Monopolist
1,0.76,40,[20],19,673,35,400,Monopolist
1,0.85,41,"[3, 11]",32,2274,41,400,Diversifier
1,0.89,42,[4],24,610,42,400,Monopolist
1,0.76,43,"[6, 20]",39,616,15,400,Diversifier
1,0.88,44,"[16, 15]",34,2926,44,400,Monopolist
1,0.8,45,[13],18,262,9,400,Monopolist
1,0.72,46,[8],58,822,46,400,Monopolist
1,0.73,47,"[17, 9]",37,1665,47,400,Monopolist
1,0.79,48,[14],31,586,1,400,Monopolist
1,0.78,49,"[2, 7]",38,446,30,400,Monopolist
1,0.76,0,[17],13,185,47,410,Diversifier
1,0.62,1,[14],22,832,1,410,Monopolist
1,0.71,2,"[12, 16]",25,1000,19,410,Diversifier
1,0.76,3,"[19, 13]",36,508,3,410,Monopolist
1,0.79,4,[5],24,1930,4,410,Monopolist
1,0.82,5,"[18, 5]",39,1964,5,410,Monopolist
1,0.72,6,"[16, 4]",34,1756,6,410,Monopolist
1,0.9,7,"[1, 18]",43,895,7,410,Diversifier
1,0.88,8,[11],24,1906,8,410,Diversifier
1,0.72,9,"[11, 13]",27,977,9,410,Monopolist
1,0.87,10,"[16, 11]",39,3125,10,410,Diversifier
1,0.65,11,"[12, 7]",48,6332,11,410,Monopolist
1,0.67,12,[17],18,640,12,410,Diversifier
1,0.81,13,[19],37,390,23,410,Monopolist
1,0.9,14,[1],39,595,14,410,Monopolist
1,0.65,15,"[6, 2]",43,1136,31,410,Monopolist
1,0.86,16,[14],10,650,16,410,Monopolist
1,0.88,17,[16],10,253,44,410,Monopolist
1,0.68,18,[13],27,172,9,410,Monopolist
1,0.6,19,"[9, 5]",49,3916,19,410,Diversifier
1,0.81,20,"[11, 10]",39,3525,20,410,Diversifier
1,0.76,21,[1],31,475,21,410,Diversifier
1,0.73,22,[10],19,103,25,410,Monopolist
1,0.85,23,"[15, 3]",43,3836,23,410,Diversifier
1,0.66,24,[7],15,286,11,410,Monopolist
1,0.71,25,"[10, 8]",43,3154,25,410,Monopolist
1,0.66,26,"[4, 5]",28,1975,26,410,Diversifier
1,0.63,27,"[4, 17]",21,390,38,410,Monopolist
1,0.65,28,"[9, 13]",32,169,3,410,Monopolist
1,0.73,29,"[11, 17]",26,1922,29,410,Diversifier
1,0.7,30,"[7, 18]",57,4003,30,410,Monopolist
1,0.6,31,"[12, 17]",42,4315,31,410,Diversifier
1,0.77,32,"[2, 20]",50,1985,32,410,Diversifier
1,0.82,33,[16],13,1063,33,410,Monopolist
1,0.69,34,"[2, 9]",38,525,19,410,Diversifier
1,0.76,35,[20],24,351,35,410,Monopolist
1,0.77,36,"[14, 11]",22,409,38,410,Monopolist
1,0.6,37,[15],27,1981,37,410,Monopolist
1,0.78,38,"[4, 14]",34,2109,38,410,Monopolist
1,0.73,39,"[17, 3]",39,2431,39,410,Monopolist
1,0.76,40,[20],19,673,35,410,Monopolist
1,0.85,41,"[3, 11]",32,2274,41,410,Diversifier
1,0.89,42,[4],24,610,42,410,Monopolist
1,0.76,43,"[6, 20]",39,616,15,410,Diversifier
1,0.88,44,"[16, 15]",34,2926,44,410,Monopolist
1,0.8,45,[13],18,262,9,410,Monopolist
1,0.72,46,[8],58,822,46,410,Monopolist
1,0.73,47,"[17, 9]",37,1665,47,410,Monopolist
1,0.79,48,[14],31,586,1,410,Monopolist
1,0.78,49,"[2, 7]",38,446,30,410,Monopolist
1,0.76,0,[17],13,185,47,420,Diversifier
1,0.62,1,[14],22,832,1,420,Monopolist
1,0.71,2,"[12, 16]",25,1000,19,420,Diversifier
1,0.76,3,"[19, 13]",36,508,3,420,Monopolist
1,0.79,4,[5],24,1930,4,420,Monopolist
1,0.82,5,"[18, 5]",39,1964,5,420,Monopolist
1,0.72,6,"[16, 4]",34,1756,6,420,Monopolist
1,0.9,7,"[1, 18]",43,895,7,420,Diversifier
1,0.88,8,[11],24,1906,8,420,Diversifier
1,0.72,9,"[11, 13]",27,977,9,420,Monopolist
1,0.87,10,"[16, 11]",39,3125,10,420,Diversifier
1,0.65,11,"[12, 7]",48,6332,11,420,Monopolist
1,0.67,12,[17],18,640,12,420,Diversifier
1,0.81,13,[19],37,390,23,420,Monopolist
1,0.9,14,[1],39,595,14,420,Monopolist
1,0.65,15,"[6, 2]",43,1136,31,420,Monopolist
1,0.86,16,[14],10,650,16,420,Monopolist
1,0.88,17,[16],10,253,44,420,Monopolist
1,0.68,18,[13],27,172,9,420,Monopolist
1,0.6,19,"[9, 5]",49,3916,19,420,Diversifier
1,0.81,20,"[11, 10]",39,3525,20,420,Diversifier
1,0.76,21,[1],31,475,21,420,Diversifier
1,0.73,22,[10],19,103,25,420,Monopolist
1,0.85,23,"[15, 3]",43,3836,23,420,Diversifier
1,0.66,24,[7],15,286,11,420,Monopolist
1,0.71,25,"[10, 8]",43,3154,25,420,Monopolist
1,0.66,26,"[4, 5]",28,1975,26,420,Diversifier
1,0.63,27,"[4, 17]",21,390,38,420,Monopolist
1,0.65,28,"[9, 13]",32,169,3,420,Monopolist
1,0.73,29,"[11, 17]",26,1922,29,420,Diversifier
1,0.7,30,"[7, 18]",57,4003,30,420,Monopolist
1,0.6,31,"[12, 17]",42,4315,31,420,Diversifier
1,0.77,32,"[2, 20]",50,1985,32,420,Diversifier
1,0.82,33,[16],13,1063,33,420,Monopolist
1,0.69,34,"[2, 9]",38,525,19,420,Diversifier
1,0.76,35,[20],24,351,35,420,Monopolist
1,0.77,36,"[14, 11]",22,409,38,420,Monopolist
1,0.6,37,[15],27,1981,37,420,Monopolist
1,0.78,38,"[4, 14]",34,2109,38,420,Monopolist
1,0.73,39,"[17, 3]",39,2431,39,420,Monopolist
1,0.76,40,[20],19,673,35,420,Monopolist
1,0.85,41,"[3, 11]",32,2274,41,420,Diversifier
1,0.89,42,[4],24,610,42,420,Monopolist
1,0.76,43,"[6, 20]",39,616,15,420,Diversifier
1,0.88,44,"[16, 15]",34,2926,44,420,Monopolist
1,0.8,45,[13],18,262,9,420,Monopolist
1,0.72,46,[8],58,822,46,420,Monopolist
1,0.73,47,"[17, 9]",37,1665,47,420,Monopolist
1,0.79,48,[14],31,586,1,420,Monopolist
1,0.78,49,"[2, 7]",38,446,30,420,Monopolist
1,0.76,0,[17],13,185,47,430,Diversifier
1,0.62,1,[14],22,832,1,430,Monopolist
1,0.71,2,"[12, 16]",25,1000,19,430,Diversifier
1,0.76,3,"[19, 13]",36,508,3,430,Monopolist
1,0.79,4,[5],24,1930,4,430,Monopolist
1,0.82,5,"[18, 5]",39,1964,5,430,Monopolist
1,0.72,6,"[16, 4]",34,1756,6,430,Monopolist
1,0.9,7,"[1, 18]",43,895,7,430,Diversifier
1,0.88,8,[11],24,1906,8,430,Diversifier
1,0.72,9,"[11, 13]",27,977,9,430,Monopolist
1,0.87,10,"[16, 11]",39,3125,10,430,Diversifier
1,0.65,11,"[12, 7]",48,6332,11,430,Monopolist
1,0.67,12,[17],18,640,12,430,Diversifier
1,0.81,13,[19],37,390,23,430,Monopolist
1,0.9,14,[1],39,595,14,430,Monopolist
1,0.65,15,"[6, 2]",43,1136,31,430,Monopolist
1,0.86,16,[14],10,650,16,430,Monopolist
1,0.88,17,[16],10,253,44,430,Monopolist
1,0.68,18,[13],27,172,9,430,Monopolist
1,0.6,19,"[9, 5]",49,3916,19,430,Diversifier
1,0.81,20,"[11, 10]",39,3525,20,430,Diversifier
1,0.76,21,[1],31,475,21,430,Diversifier
1,0.73,22,[10],19,103,25,430,Monopolist
1,0.85,23,"[15, 3]",43,3836,23,430,Diversifier
1,0.66,24,[7],15,286,11,430,Monopolist
1,0.71,25,"[10, 8]",43,3154,25,430,Monopolist
1,0.66,26,"[4, 5]",28,1975,26,430,Diversifier
1,0.63,27,"[4, 17]",21,390,38,430,Monopolist
1,0.65,28,"[9, 13]",32,169,3,430,Monopolist
1,0.73,29,"[11, 17]",26,1922,29,430,Diversifier
1,0.7,30,"[7, 18]",57,4003,30,430,Monopolist
1,0.6,31,"[12, 17]",42,4315,31,430,Diversifier
1,0.77,32,"[2, 20]",50,1985,32,430,Diversifier
1,0.82,33,[16],13,1063,33,430,Monopolist
1,0.69,34,"[2, 9]",38,525,19,430,Diversifier
1,0.76,35,[20],24,351,35,430,Monopolist
1,0.77,36,"[14, 11]",22,409,38,430,Monopolist
1,0.6,37,[15],27,1981,37,430,Monopolist
1,0.78,38,"[4, 14]",34,2109,38,430,Monopolist
1,0.73,39,"[17, 3]",39,2431,39,430,Monopolist
1,0.76,40,[20],19,673,35,430,Monopolist
1,0.85,41,"[3, 11]",32,2274,41,430,Diversifier
1,0.89,42,[4],24,610,42,430,Monopolist
1,0.76,43,"[6, 20]",39,616,15,430,Diversifier
1,0.88,44,"[16, 15]",34,2926,44,430,Monopolist
1,0.8,45,[13],18,262,9,430,Monopolist
1,0.72,46,[8],58,822,46,430,Monopolist
1,0.73,47,"[17, 9]",37,1665,47,430,Monopolist
1,0.79,48,[14],31,586,1,430,Monopolist
1,0.78,49,"[2, 7]",38,446,30,430,Monopolist
1,0.76,0,[17],13,185,47,440,Diversifier
1,0.62,1,[14],22,832,1,440,Monopolist
1,0.71,2,"[12, 16]",25,1000,19,440,Diversifier
1,0.76,3,"[19, 13]",36,508,3,440,Monopolist
1,0.79,4,[5],24,1930,4,440,Monopolist
1,0.82,5,"[18, 5]",39,1964,5,440,Monopolist
1,0.72,6,"[16, 4]",34,1756,6,440,Monopolist
1,0.9,7,"[1, 18]",43,895,7,440,Diversifier
1,0.88,8,[11],24,1906,8,440,Diversifier
1,0.72,9,"[11, 13]",27,977,9,440,Monopolist
1,0.87,10,"[16, 11]",39,3125,10,440,Diversifier
1,0.65,11,"[12, 7]",48,6332,11,440,Monopolist
1,0.67,12,[17],18,640,12,440,Diversifier
1,0.81,13,[19],37,390,23,440,Monopolist
1,0.9,14,[1],39,595,14,440,Monopolist
1,0.65,15,"[6, 2]",43,1136,31,440,Monopolist
1,0.86,16,[14],10,650,16,440,Monopolist
1,0.88,17,[16],10,253,44,440,Monopolist
1,0.68,18,[13],27,172,9,440,Monopolist
1,0.6,19,"[9, 5]",49,3916,19,440,Diversifier
1,0.81,20,"[11, 10]",39,3525,20,440,Diversifier
1,0.76,21,[1],31,475,21,440,Diversifier
1,0.73,22,[10],19,103,25,440,Monopolist
1,0.85,23,"[15, 3]",43,3836,23,440,Diversifier
1,0.66,24,[7],15,286,11,440,Monopolist
1,0.71,25,"[10, 8]",43,3154,25,440,Monopolist
1,0.66,26,"[4, 5]",28,1975,26,440,Diversifier
1,0.63,27,"[4, 17]",21,390,38,440,Monopolist
1,0.65,28,"[9, 13]",32,169,3,440,Monopolist
1,0.73,29,"[11, 17]",26,1922,29,440,Diversifier
1,0.7,30,"[7, 18]",57,4003,30,440,Monopolist
1,0.6,31,"[12, 17]",42,4315,31,440,Diversifier
1,0.77,32,"[2, 20]",50,1985,32,440,Diversifier
1,0.82,33,[16],13,1063,33,440,Monopolist
1,0.69,34,"[2, 9]",38,525,19,440,Diversifier
1,0.76,35,[20],24,351,35,440,Monopolist
1,0.77,36,"[14, 11]",22,409,38,440,Monopolist
1,0.6,37,[15],27,1981,37,440,Monopolist
1,0.78,38,"[4, 14]",34,2109,38,440,Monopolist
1,0.73,39,"[17, 3]",39,2431,39,440,Monopolist
1,0.76,40,[20],19,673,35,440,Monopolist
1,0.85,41,"[3, 11]",32,2274,41,440,Diversifier
1,0.89,42,[4],24,610,42,440,Monopolist
1,0.76,43,"[6, 20]",39,616,15,440,Diversifier
1,0.88,44,"[16, 15]",34,2926,44,440,Monopolist
1,0.8,45,[13],18,262,9,440,Monopolist
1,0.72,46,[8],58,822,46,440,Monopolist
1,0.73,47,"[17, 9]",37,1665,47,440,Monopolist
1,0.79,48,[14],31,586,1,440,Monopolist
1,0.78,49,"[2, 7]",38,446,30,440,Monopolist
